CustomerID,Age,Income,PurchaseFrequency,AvgOrderValue,CustomerLifetimeValue,ChurnFlag,SatisfactionScore,EngagementScore,LastPurchaseDate,MarketingChannel,Region,TenureMonths,ReferralCount,DiscountRate,SupportTickets
CUST0001,56,125186,7,1087.57,35114.85,1,1,0.32397610656153897,2021-06-05,Referral,West,94,1,0.05,0
CUST0002,69,54674,5,990.59,11097.62,0,1,0.6788782323905966,2020-09-20,Direct,North,86,1,0.08,0
CUST0003,46,186926,7,1420.59,22620.25,0,2,0.5631980924481612,2023-06-02,SearchAds,East,80,2,0.27,3
CUST0004,32,66271,5,182.62,4185.04,0,4,0.16222957109649694,2022-11-27,Direct,West,94,1,0.28,2
CUST0005,60,93688,6,427.89,41440.11,1,2,0.3099299092291664,2022-09-29,Referral,South,80,1,0.17,0
CUST0006,25,189590,2,468.4,7171.09,0,2,0.8999832768786541,2020-05-02,Referral,East,38,2,0.15,1
CUST0007,38,131076,6,1489.39,45251.78,0,1,0.6881744367222634,2023-03-25,SearchAds,South,118,0,0.18,2
CUST0008,56,161339,1,418.82,43347.3,0,1,0.9859743176855195,2020-10-27,Referral,North,24,3,0.18,2
CUST0009,36,21062,8,1168.31,23764.56,1,4,0.7670125299807694,2022-04-12,SearchAds,North,100,1,0.05,2
CUST0010,40,70448,4,469.73,37474.04,0,5,0.9419744321435902,2022-12-26,SocialMedia,East,99,2,0.21,5
CUST0011,28,115462,5,1730.17,31352.81,0,2,0.2161885738704754,2021-10-06,SearchAds,North,6,0,0.14,3
CUST0012,28,157301,3,1887.26,40350.71,0,4,0.7714848748169257,2022-05-23,SearchAds,North,68,0,0.16,3
CUST0013,41,67915,7,1061.06,22158.45,0,2,0.02021752014779743,2021-01-28,Direct,East,82,1,0.01,5
CUST0014,53,24632,2,737.0,39504.62,0,5,0.6707600217115339,2021-10-22,Referral,South,6,1,0.23,1
CUST0015,57,124592,5,506.41,23660.38,0,2,0.46928227812024137,2023-11-29,SocialMedia,West,26,1,0.25,0
CUST0016,41,154668,10,147.07,47107.32,0,3,0.34676007192006864,2024-01-12,Email,East,101,1,0.19,0
CUST0017,20,129779,7,573.58,24832.23,1,4,0.8624043522930891,2023-02-28,SearchAds,East,91,0,0.22,6
CUST0018,39,157240,7,1325.76,23668.34,0,1,0.8542676926575307,2020-03-09,Email,West,41,1,0.16,1
CUST0019,19,128099,10,1090.55,39468.52,0,2,0.022301704898643582,2023-09-30,Referral,South,75,3,0.19,1
CUST0020,41,27561,1,1890.88,41257.31,0,4,0.609505122449431,2022-01-31,SearchAds,West,38,2,0.12,2
CUST0021,61,102152,5,822.74,28169.97,0,4,0.3678322243209564,2020-11-15,Email,West,80,0,0.24,2
CUST0022,47,145036,3,1403.03,9810.09,1,2,0.41566100150044916,2020-06-25,Direct,South,83,2,0.14,2
CUST0023,55,144049,8,1004.18,23920.15,0,1,0.832040739218776,2021-08-06,Email,South,43,1,0.2,3
CUST0024,19,46734,7,1049.52,48435.55,0,1,0.3098397715276783,2023-03-29,Direct,West,53,1,0.19,3
CUST0025,38,157443,3,572.16,37896.32,1,2,0.9430488106376201,2021-08-04,SocialMedia,West,15,0,0.21,1
CUST0026,50,46069,1,937.15,40746.97,0,4,0.17963382637214076,2023-03-04,Referral,East,90,1,0.24,1
CUST0027,29,32910,5,968.03,2608.45,1,1,0.6627224233681778,2020-04-20,Email,South,56,0,0.15,3
CUST0028,39,93479,3,1427.95,23925.11,0,2,0.6721050670137647,2022-09-25,SearchAds,North,105,1,0.24,1
CUST0029,61,101264,6,1884.25,32684.44,1,2,0.2521951614279182,2022-01-27,Referral,South,56,0,0.15,1
CUST0030,42,43275,3,692.18,41671.6,0,2,0.324750608967202,2020-10-09,Email,West,31,2,0.29,2
CUST0031,66,92274,4,132.29,3414.41,0,4,0.8347984925799404,2020-07-12,SearchAds,West,83,0,0.23,4
CUST0032,44,120776,5,1017.78,42769.51,1,1,0.7618052549549524,2022-08-24,SearchAds,West,57,2,0.05,2
CUST0033,59,68447,8,1111.7,27871.65,0,4,0.32909588031475956,2022-12-06,SearchAds,West,51,0,0.25,0
CUST0034,45,185601,7,378.46,10668.38,0,3,0.5339565469349339,2022-09-04,SearchAds,North,24,1,0.17,4
CUST0035,33,146394,5,1532.91,16545.51,0,1,0.06168029625309546,2020-12-07,Email,South,58,2,0.3,4
CUST0036,32,95703,4,1970.61,14814.55,1,4,0.20874588239862923,2023-06-19,SocialMedia,North,73,5,0.22,2
CUST0037,64,96090,6,1894.26,27012.09,0,1,0.4858205588603991,2021-06-05,Direct,North,87,1,0.03,1
CUST0038,68,37260,8,434.36,3532.6,1,3,0.0859737352792116,2023-10-25,Direct,West,4,1,0.12,6
CUST0039,61,132581,4,1756.96,8768.27,0,5,0.8433323548919375,2022-03-11,Direct,North,10,0,0.16,3
CUST0040,69,23812,3,1423.76,40821.96,0,2,0.7180062101076479,2022-06-21,SocialMedia,West,63,0,0.25,0
CUST0041,20,179096,2,935.0,7497.6,1,4,0.9436336706484948,2020-05-10,SearchAds,West,73,2,0.22,2
CUST0042,54,136148,3,1104.19,12436.42,0,3,0.6934669059640272,2023-07-17,SearchAds,West,83,0,0.11,2
CUST0043,68,178357,9,1706.72,23215.16,0,3,0.9404013722621856,2022-03-24,Referral,North,15,1,0.2,2
CUST0044,24,136421,5,986.26,26338.92,0,1,0.554512555690965,2020-03-01,Direct,West,115,1,0.17,3
CUST0045,38,21605,4,777.75,38416.91,0,1,0.6002186110619694,2020-06-12,Direct,North,98,2,0.04,3
CUST0046,26,92303,7,1011.83,22919.29,0,2,0.9769710546262609,2020-09-28,SearchAds,South,106,1,0.07,1
CUST0047,56,178211,8,1179.3,39703.37,1,1,0.6421291468642604,2020-05-12,Direct,West,63,0,0.1,3
CUST0048,35,96125,4,418.7,31298.97,0,4,0.0307865688607466,2023-06-21,SearchAds,East,19,2,0.06,1
CUST0049,21,164990,4,1806.77,6541.89,0,4,0.7238027766305233,2022-09-24,SearchAds,East,113,3,0.05,3
CUST0050,42,178518,8,1364.66,8660.24,0,4,0.9054686921374157,2023-12-28,SearchAds,East,63,5,0.02,1
CUST0051,31,144040,5,1284.87,22414.65,0,5,0.7955802497943266,2020-02-07,Email,East,116,0,0.26,0
CUST0052,67,164118,5,244.02,20447.58,0,4,0.5838332726254226,2023-09-04,Email,East,56,1,0.09,3
CUST0053,26,175890,6,1228.14,37433.67,1,1,0.6713035130935163,2023-10-31,Email,North,21,2,0.09,1
CUST0054,43,24324,7,285.87,29456.12,0,1,0.9901917892516717,2021-09-08,Email,South,34,0,0.06,5
CUST0055,19,96323,2,203.46,20018.52,0,4,0.09066208850933832,2021-04-18,SocialMedia,North,115,1,0.14,0
CUST0056,37,29111,1,1078.26,9367.25,0,3,0.6672448286332395,2020-02-28,Referral,West,17,1,0.15,3
CUST0057,45,189182,7,835.43,12115.02,0,3,0.2833976945705938,2021-08-11,Referral,South,18,1,0.06,3
CUST0058,64,36389,5,1198.18,29199.55,1,3,0.6400903965861701,2021-05-13,SearchAds,South,81,2,0.18,2
CUST0059,24,142177,4,223.98,21748.5,0,2,0.6076235758839388,2023-05-26,Direct,South,66,0,0.22,2
CUST0060,61,61427,4,890.42,26231.45,0,5,0.15345683210816208,2021-07-20,Email,South,51,0,0.11,2
CUST0061,25,179818,3,390.83,9363.19,0,4,0.20674664574023915,2021-07-20,Referral,East,65,2,0.18,2
CUST0062,64,142883,8,1974.85,33482.41,0,2,0.6216295780432135,2023-02-26,Referral,West,43,0,0.15,1
CUST0063,52,151189,7,1144.24,42774.4,0,3,0.12822994730377413,2022-06-22,Email,South,57,0,0.06,1
CUST0064,31,145808,1,1390.5,13639.04,0,4,0.26518087513032285,2021-01-17,SocialMedia,South,10,1,0.22,4
CUST0065,34,132221,2,684.57,25084.2,1,2,0.8352455477380024,2023-11-12,SocialMedia,East,37,0,0.24,0
CUST0066,53,33234,4,234.74,48800.84,1,1,0.3270915060016386,2020-03-25,Referral,North,48,1,0.19,4
CUST0067,67,73441,6,1952.95,17328.85,0,3,0.4880601562696629,2021-09-18,SocialMedia,North,69,0,0.1,3
CUST0068,57,20846,4,608.21,30157.27,0,2,0.9411403351458403,2023-12-31,Email,North,56,0,0.28,1
CUST0069,21,30954,6,876.43,5419.59,0,1,0.2271490888369463,2022-04-05,Referral,West,119,2,0.14,1
CUST0070,19,99239,8,1317.23,30694.74,1,3,0.3896260173580104,2020-10-19,Email,North,76,0,0.08,4
CUST0071,23,66514,7,98.16,5391.96,1,5,0.6064577755435456,2022-12-08,SocialMedia,South,36,1,0.12,4
CUST0072,59,108236,5,1630.01,48002.54,0,3,0.7553389295039722,2022-12-26,Email,East,31,2,0.21,2
CUST0073,21,117579,2,1096.33,36067.47,0,5,0.9016533867127051,2022-02-25,SocialMedia,East,55,2,0.25,0
CUST0074,46,157541,1,592.52,39619.83,0,5,0.9154729875735151,2020-05-08,SocialMedia,North,38,1,0.11,0
CUST0075,35,181177,7,170.14,35501.11,0,5,0.776640074372623,2020-01-29,Email,East,115,1,0.07,0
CUST0076,43,62101,4,366.87,29896.72,0,4,0.22833083659331044,2023-09-28,SocialMedia,South,73,2,0.19,1
CUST0077,61,84323,1,1795.32,23045.73,0,4,0.024809330042565803,2023-02-16,SearchAds,North,108,0,0.28,0
CUST0078,51,111922,6,1387.75,43060.3,0,5,0.3837739303556238,2021-11-22,Email,South,90,1,0.05,1
CUST0079,27,196659,5,537.31,47884.95,0,1,0.14154885098782333,2020-05-12,SearchAds,West,15,2,0.24,3
CUST0080,53,188048,8,177.92,25452.77,0,5,0.7103876474382981,2023-09-12,Email,South,16,2,0.14,1
CUST0081,31,147534,5,1396.7,46645.22,0,2,0.6611305868257168,2023-04-23,SocialMedia,South,77,1,0.24,3
CUST0082,48,87584,4,1166.2,29583.31,0,5,0.04397164162145484,2021-10-07,SocialMedia,South,89,1,0.15,2
CUST0083,65,124537,10,838.81,27380.83,0,4,0.8365937791309511,2021-11-19,Referral,South,94,1,0.11,4
CUST0084,32,98477,7,759.04,23269.65,0,4,0.24874326629118226,2021-06-17,Referral,West,53,0,0.21,5
CUST0085,25,62533,4,472.79,11255.1,0,2,0.4322270754910422,2023-06-18,SearchAds,North,56,1,0.27,1
CUST0086,31,21828,8,1355.74,1182.26,0,2,0.6679337354557424,2021-05-30,SocialMedia,South,7,2,0.1,2
CUST0087,40,21917,5,1942.8,12833.81,0,3,0.4294187868522533,2022-08-17,Referral,North,57,2,0.14,0
CUST0088,57,40618,5,392.64,25976.44,0,1,0.4412878027999434,2020-06-13,SocialMedia,East,55,0,0.07,2
CUST0089,38,52254,5,1214.38,19618.04,0,1,0.06562799533574037,2022-07-15,Email,South,52,1,0.06,0
CUST0090,33,125292,2,877.16,22975.78,0,1,0.4014435492600038,2022-07-21,Referral,South,4,0,0.23,2
CUST0091,62,67362,3,921.04,49051.76,0,4,0.7648478932199835,2021-07-10,SearchAds,East,43,1,0.06,2
CUST0092,35,40128,4,545.59,18163.35,0,1,0.9151763371865977,2023-05-26,Referral,North,40,0,0.24,0
CUST0093,64,143781,9,1659.01,23156.96,0,3,0.41349713706337177,2021-11-10,SocialMedia,West,102,0,0.13,3
CUST0094,41,85545,0,996.25,7542.26,0,3,0.42358582687907886,2022-09-19,Direct,South,30,0,0.3,2
CUST0095,43,102180,5,1109.64,3349.93,0,1,0.7026271063236521,2022-10-25,Direct,East,10,2,0.06,1
CUST0096,42,107958,5,644.28,38995.07,0,2,0.9427720011052766,2022-01-26,SocialMedia,East,94,1,0.03,3
CUST0097,62,160937,5,404.53,28963.48,0,3,0.2670609402393602,2023-01-09,Email,South,103,1,0.02,0
CUST0098,58,153291,5,217.53,38274.54,0,2,0.44014420653793684,2023-06-24,Referral,North,7,0,0.25,4
CUST0099,46,59809,4,1442.53,8343.28,0,4,0.7959732435523011,2022-05-04,Direct,North,36,1,0.13,1
CUST0100,32,136748,9,432.66,29019.61,1,3,0.6096935693740385,2021-05-07,Email,South,35,1,0.0,0
CUST0101,62,25287,6,1395.65,13428.48,0,2,0.11058634396395473,2021-10-10,SocialMedia,East,88,0,0.26,5
CUST0102,18,185459,2,811.23,12175.03,0,1,0.6277327355622657,2023-11-10,Email,South,39,2,0.26,5
CUST0103,42,28512,6,860.76,1564.77,0,4,0.1867462845973269,2022-09-18,SocialMedia,West,36,0,0.24,2
CUST0104,24,152414,6,964.9,7386.7,1,5,0.5102159340784042,2023-08-23,Referral,West,109,0,0.07,1
CUST0105,26,128872,6,767.03,16154.14,0,5,0.5291032676604385,2021-09-19,Email,North,20,2,0.11,1
CUST0106,41,170288,5,246.21,6727.06,0,1,0.8762033622249848,2021-09-16,Referral,West,49,1,0.22,0
CUST0107,18,113070,2,653.78,49307.06,1,4,0.46249427401243814,2021-06-26,Email,East,96,0,0.15,2
CUST0108,61,99767,5,1344.28,16123.0,0,4,0.2794424222358942,2020-01-07,SocialMedia,West,59,0,0.05,2
CUST0109,25,117829,3,1348.28,7385.87,1,4,0.23096634821603157,2022-08-11,SocialMedia,South,103,1,0.07,1
CUST0110,41,177686,3,608.14,10755.03,1,4,0.8742518766843361,2021-05-29,Email,East,49,2,0.29,1
CUST0111,28,187330,3,947.2,29797.46,0,5,0.1710108544182284,2022-01-24,SocialMedia,North,90,0,0.05,2
CUST0112,68,62078,6,427.22,4138.13,0,2,0.42586856088314373,2020-03-13,SearchAds,North,26,1,0.22,2
CUST0113,34,126288,6,460.23,43259.27,0,4,0.187173114926947,2020-01-10,SearchAds,West,36,1,0.14,0
CUST0114,25,103524,4,94.94,48113.48,0,2,0.7733040401143754,2021-07-15,Referral,North,43,0,0.22,0
CUST0115,52,32219,5,1798.66,13090.62,0,4,0.474372639974619,2020-05-01,SearchAds,South,99,0,0.2,1
CUST0116,52,20235,5,460.88,23054.67,0,3,0.35114369055681205,2021-11-17,SearchAds,East,43,0,0.13,1
CUST0117,50,62929,7,493.69,2084.59,0,3,0.3610996406264668,2021-05-27,Direct,South,99,1,0.11,1
CUST0118,22,147309,5,595.22,32394.8,0,3,0.8522142067229794,2022-09-16,Direct,South,76,0,0.23,1
CUST0119,59,87444,3,298.45,21282.38,0,4,0.5537739542944381,2021-03-16,Direct,South,33,1,0.1,2
CUST0120,56,159639,4,1296.56,14232.86,0,2,0.7178678511312636,2022-11-27,Direct,South,100,1,0.24,4
CUST0121,58,121834,7,196.53,11135.02,0,5,0.8970385162506845,2021-12-02,SocialMedia,East,78,1,0.2,1
CUST0122,45,104555,5,311.69,33047.13,0,1,0.901741676040642,2021-08-13,Referral,East,97,1,0.17,2
CUST0123,24,93698,7,1307.28,21394.63,0,5,0.32850905433786315,2023-09-30,Referral,South,110,1,0.11,4
CUST0124,26,144450,8,712.34,9803.31,0,4,0.9524512631463853,2023-09-23,SearchAds,South,45,1,0.06,1
CUST0125,25,156487,7,1430.5,34766.34,0,3,0.024875882014605444,2023-04-22,Referral,North,45,1,0.21,3
CUST0126,29,187231,5,1136.98,28688.54,1,3,0.37683556101616567,2020-03-07,SearchAds,North,88,1,0.03,0
CUST0127,51,63925,8,549.24,43074.93,0,2,0.8957988575088416,2020-01-17,Referral,East,15,0,0.29,1
CUST0128,50,157023,4,1319.11,6756.32,0,4,0.2746368798169829,2023-11-07,Email,North,95,0,0.29,3
CUST0129,65,107388,6,276.73,39497.66,0,5,0.27308145032131836,2021-01-02,Email,East,17,1,0.04,0
CUST0130,40,28007,8,1096.0,34002.32,0,4,0.3026222850818887,2022-06-22,Referral,East,12,0,0.03,1
CUST0131,41,192904,6,902.44,6635.54,0,4,0.6123133848469222,2023-09-01,SocialMedia,West,22,0,0.12,6
CUST0132,54,78596,3,572.35,35046.22,0,3,0.4383327756143538,2021-12-21,SearchAds,East,23,0,0.29,2
CUST0133,52,141101,8,1227.81,22635.82,0,5,0.7267348363533426,2023-09-30,Referral,North,90,1,0.12,1
CUST0134,61,181595,4,1749.1,47304.25,1,1,0.8949106425646658,2022-08-15,SearchAds,West,78,1,0.11,3
CUST0135,57,108861,7,1997.86,7938.96,0,3,0.6741993749428606,2022-06-26,Direct,North,12,4,0.21,2
CUST0136,39,106740,2,1235.14,32498.84,0,5,0.2044667201975755,2022-09-15,Referral,East,114,0,0.05,3
CUST0137,44,35524,10,839.18,19717.02,1,2,0.9326819023605022,2021-04-17,SocialMedia,East,68,0,0.11,4
CUST0138,52,170354,6,489.15,47883.92,0,3,0.2644928733474785,2020-04-24,Direct,South,110,0,0.09,1
CUST0139,18,175002,4,551.34,17168.77,0,2,0.14989429532815812,2020-04-09,Referral,East,51,5,0.18,2
CUST0140,52,151149,5,984.94,48147.11,0,3,0.0899672788609609,2021-03-13,Email,West,13,1,0.05,1
CUST0141,54,145501,6,766.19,45172.81,0,4,0.5633837406661656,2023-09-30,Referral,East,57,1,0.16,1
CUST0142,64,40611,4,1831.94,14248.78,0,5,0.1137624624806518,2020-12-14,Email,South,55,1,0.26,1
CUST0143,31,168056,5,768.18,40373.55,0,2,0.13877588411263075,2020-05-18,Email,East,82,2,0.15,3
CUST0144,20,34060,6,778.22,49784.61,1,3,0.30003048059549664,2022-04-07,Referral,East,107,0,0.21,5
CUST0145,18,63303,3,797.89,13380.49,1,2,0.28165300968446383,2020-11-19,Referral,East,28,2,0.02,2
CUST0146,22,180359,7,1681.41,22402.08,1,3,0.6042395103321423,2022-04-25,Email,South,102,1,0.13,3
CUST0147,43,59711,7,1319.04,26488.86,1,3,0.8167452794726815,2023-08-18,SearchAds,North,105,2,0.03,1
CUST0148,31,163026,8,1247.63,15451.63,0,1,0.7613496562028924,2020-10-20,Direct,East,44,2,0.18,2
CUST0149,56,93340,4,701.58,1747.98,0,1,0.26248445471647674,2022-08-25,SocialMedia,West,19,1,0.08,2
CUST0150,44,122974,7,1644.91,11786.33,0,1,0.24531049798597993,2023-08-08,Referral,South,46,3,0.09,4
CUST0151,26,169646,3,124.81,14814.91,0,2,0.9657915301069676,2020-03-14,Direct,West,111,3,0.02,5
CUST0152,32,160256,4,1748.05,22736.39,1,4,0.008236241591960125,2021-04-28,Direct,East,107,0,0.09,2
CUST0153,32,170168,4,1049.86,9384.02,0,3,0.8797205330602158,2020-01-16,SearchAds,South,102,0,0.15,4
CUST0154,43,87728,0,826.59,43789.46,1,5,0.19972851912240497,2023-09-21,Direct,East,110,1,0.18,2
CUST0155,59,185088,1,1019.48,35540.65,1,1,0.9472843230897678,2022-03-03,Referral,West,3,1,0.02,0
CUST0156,30,31246,1,1351.46,5174.82,1,2,0.3423072848275197,2021-05-30,Direct,South,83,1,0.2,1
CUST0157,68,196630,7,74.89,32854.53,1,2,0.4403517738932523,2022-07-13,Referral,North,20,0,0.15,4
CUST0158,49,169453,5,1749.53,33029.17,0,2,0.707120613944381,2023-02-24,Referral,North,25,2,0.16,2
CUST0159,56,147796,5,921.14,47854.84,0,5,0.5876690514732603,2022-04-03,Email,North,75,1,0.25,2
CUST0160,66,187527,8,718.78,1148.02,0,5,0.3179393297068228,2021-06-01,SearchAds,East,56,0,0.1,3
CUST0161,69,112263,3,319.58,13148.69,0,1,0.5538309158678235,2020-05-08,SocialMedia,South,81,2,0.05,5
CUST0162,49,155090,5,906.96,46461.78,0,5,0.7307068843628862,2021-05-25,Email,West,61,0,0.17,1
CUST0163,21,31302,3,1017.83,46674.56,1,1,0.042334945902492094,2021-02-26,SocialMedia,West,113,1,0.28,0
CUST0164,47,87506,5,837.11,36308.73,1,5,0.011199305255704117,2021-01-19,Referral,East,55,0,0.16,0
CUST0165,54,61157,1,1373.39,38522.4,0,5,0.4580669390728913,2020-08-19,Email,East,35,1,0.25,2
CUST0166,40,74917,7,870.75,5482.66,0,5,0.1318366178035142,2022-08-16,Direct,West,78,2,0.23,1
CUST0167,56,116646,2,1924.76,26179.92,0,1,0.6643442914647144,2022-04-04,Direct,South,59,1,0.16,4
CUST0168,62,103122,4,1218.59,12347.57,0,3,0.21405245622743418,2023-05-03,SocialMedia,East,39,3,0.19,1
CUST0169,32,44519,6,1624.58,9879.68,0,1,0.43285110679567096,2020-03-05,Referral,South,57,1,0.12,0
CUST0170,60,100910,7,263.24,40704.86,0,3,0.19767093687426895,2022-04-12,SocialMedia,West,83,0,0.16,2
CUST0171,46,140430,9,824.72,7616.87,0,2,0.5484835857491245,2021-09-06,SearchAds,South,67,0,0.15,2
CUST0172,53,91324,4,706.85,23963.93,0,2,0.1160534593845689,2023-07-24,Direct,North,34,3,0.21,0
CUST0173,30,25408,1,1160.49,46990.33,0,1,0.02310685278748026,2023-06-01,Email,West,113,1,0.12,5
CUST0174,49,79379,4,1729.17,10105.77,0,3,0.051131638106697186,2022-03-11,Email,North,41,0,0.03,5
CUST0175,24,45053,6,202.76,48921.68,0,3,0.9542584415153099,2020-10-04,Email,West,22,1,0.24,1
CUST0176,68,160518,3,191.52,49720.11,0,3,0.14228621861093582,2020-12-31,Direct,North,102,1,0.21,3
CUST0177,39,151994,4,1708.12,28225.24,0,2,0.7084782531368352,2021-05-30,Referral,South,27,0,0.29,3
CUST0178,45,118723,2,465.06,9336.99,1,1,0.06792620422282625,2023-05-23,Direct,West,21,1,0.13,2
CUST0179,19,71356,6,1354.07,16489.14,0,4,0.10816035223518217,2021-03-14,Direct,West,41,2,0.02,3
CUST0180,59,30789,8,1108.61,21800.15,0,3,0.5088762514093347,2021-03-03,Email,North,31,3,0.04,1
CUST0181,62,117720,7,1674.14,16156.89,0,3,0.46487093015434366,2021-12-29,Direct,South,27,0,0.23,1
CUST0182,23,86656,2,293.92,14751.14,0,4,0.9515803094398696,2021-01-30,Email,West,37,0,0.02,1
CUST0183,45,64028,6,303.08,48639.26,1,1,0.9448354530207373,2023-05-17,Referral,East,66,2,0.27,4
CUST0184,45,84484,9,1135.8,8514.88,0,3,0.7796086425424651,2024-01-26,SearchAds,North,54,1,0.08,1
CUST0185,61,52154,3,1895.44,36933.07,0,1,0.6021018301273497,2021-08-08,Email,West,111,0,0.27,0
CUST0186,61,22336,8,859.25,1020.1,0,3,0.454960317393011,2023-06-04,SocialMedia,South,9,1,0.23,0
CUST0187,37,123677,7,687.54,30212.95,0,5,0.35617853432842106,2021-01-09,SearchAds,South,83,1,0.26,2
CUST0188,47,87779,6,1233.04,45881.21,0,3,0.9470875469755554,2022-08-05,Referral,South,42,1,0.06,2
CUST0189,28,39029,10,1864.37,15108.77,0,5,0.6029088114246856,2020-04-02,SearchAds,South,36,1,0.18,1
CUST0190,45,79201,5,1682.01,10090.77,0,1,0.5790725276859945,2024-01-23,Email,North,10,0,0.03,1
CUST0191,42,52265,5,1991.19,32932.31,0,3,0.23190112176891486,2020-11-16,Referral,West,59,1,0.06,2
CUST0192,56,122916,5,94.01,35917.47,0,2,0.04669781788511307,2022-10-30,SocialMedia,North,40,0,0.09,1
CUST0193,50,194944,5,270.07,34713.5,0,2,0.9451885797595444,2022-07-02,Email,North,54,2,0.22,1
CUST0194,18,66197,4,1238.46,16646.53,0,4,0.3137352588446539,2023-08-19,Email,South,109,0,0.01,1
CUST0195,44,145733,10,1650.12,13357.92,0,2,0.4425890233244587,2023-09-07,Referral,East,39,0,0.27,2
CUST0196,69,174782,3,606.23,47840.02,0,5,0.11463994358570684,2024-01-19,Referral,South,7,0,0.02,1
CUST0197,30,180558,2,516.46,46241.68,0,2,0.836924329909292,2023-07-25,SearchAds,East,4,1,0.11,2
CUST0198,58,91907,6,1584.6,23408.51,0,2,0.027631832855930627,2023-11-17,SocialMedia,North,15,3,0.02,1
CUST0199,20,148876,4,159.94,42463.5,0,2,0.8339907620990965,2022-07-05,SearchAds,South,76,0,0.23,2
CUST0200,56,84435,4,770.3,23163.85,0,3,0.1402850127879668,2020-04-04,SearchAds,South,48,1,0.04,2
CUST0201,23,60631,8,1036.33,21795.06,0,4,0.8865641126311521,2022-08-16,Email,North,6,0,0.27,0
CUST0202,25,149038,5,1142.68,8681.38,1,1,0.7297726373361574,2023-02-04,Referral,South,73,1,0.16,4
CUST0203,44,40103,4,1470.8,21893.9,0,4,0.1646702625073051,2023-11-14,Email,West,35,0,0.28,5
CUST0204,26,84772,7,741.95,27333.43,0,5,0.5658179928594681,2020-03-11,SocialMedia,East,72,0,0.09,1
CUST0205,54,146108,4,1244.73,2102.71,0,3,0.31265631435521946,2021-10-25,SearchAds,East,71,0,0.14,4
CUST0206,50,34382,2,1191.48,22761.54,1,3,0.17823309891158345,2022-08-26,SocialMedia,East,68,1,0.21,3
CUST0207,68,104291,2,1117.85,39286.45,0,2,0.8591821994111084,2021-08-09,Referral,South,58,3,0.25,3
CUST0208,59,121195,3,1298.94,34322.26,1,2,0.4035227665072294,2023-10-31,Referral,West,77,1,0.13,1
CUST0209,61,154828,3,555.93,32122.69,1,5,0.3985437143653825,2021-12-27,Direct,South,19,1,0.27,1
CUST0210,41,40609,8,215.07,45568.22,0,3,0.16988667480662,2021-01-02,SocialMedia,East,62,1,0.04,2
CUST0211,32,167550,6,282.58,1883.57,1,1,0.3830656760857787,2020-02-20,Email,South,71,1,0.21,1
CUST0212,49,190738,0,487.94,28295.33,0,4,0.8716168463288502,2023-03-12,SocialMedia,East,10,0,0.1,2
CUST0213,49,95683,8,1025.39,39580.09,1,3,0.3631287104896359,2023-12-13,SearchAds,North,25,1,0.03,2
CUST0214,41,144714,5,1688.86,27525.43,0,1,0.9516035624997881,2022-09-14,Referral,East,44,0,0.12,2
CUST0215,58,150330,4,1417.52,16870.88,0,1,0.9463088992083875,2023-04-05,Referral,North,99,4,0.26,1
CUST0216,69,91315,5,1588.63,7676.28,0,4,0.14489865930734602,2020-09-16,SocialMedia,North,58,2,0.29,1
CUST0217,66,97834,7,734.4,44490.59,0,1,0.17731125352264487,2023-04-30,SocialMedia,North,25,1,0.12,3
CUST0218,66,146205,6,839.07,24067.36,0,5,0.8626740703318891,2023-05-10,SocialMedia,East,93,1,0.27,0
CUST0219,69,34153,3,817.68,44027.64,0,1,0.3927609189247192,2023-04-23,SearchAds,West,76,1,0.15,1
CUST0220,29,96325,4,424.15,29706.75,0,5,0.004373982283009337,2020-06-06,SearchAds,East,115,1,0.22,3
CUST0221,56,164071,2,169.37,34035.41,0,1,0.273871819705371,2020-04-08,Email,South,111,1,0.01,1
CUST0222,19,75318,4,1202.29,40408.8,0,2,0.59762899319556,2020-08-28,SocialMedia,South,40,0,0.17,4
CUST0223,20,151886,1,1978.97,33298.62,0,1,0.799265965959968,2020-07-20,Email,West,76,2,0.02,1
CUST0224,66,135033,9,375.32,20504.69,0,5,0.13338861709325955,2021-09-25,Direct,West,116,0,0.08,4
CUST0225,54,96077,3,141.04,26168.04,0,1,0.11054136441673534,2023-01-24,SearchAds,West,70,0,0.17,2
CUST0226,66,110474,1,1570.09,40349.23,0,1,0.9220926535723316,2022-01-15,Referral,North,10,0,0.24,2
CUST0227,34,153515,5,542.54,19308.86,0,1,0.7511483678225827,2021-05-04,Direct,West,66,1,0.17,3
CUST0228,66,93319,4,1667.81,20017.95,0,5,0.5897796007780784,2021-08-01,Referral,West,109,1,0.28,1
CUST0229,19,145885,6,1422.68,5688.82,1,1,0.769186789995928,2023-05-26,Direct,West,25,0,0.24,1
CUST0230,19,129777,5,1894.06,45814.64,0,4,0.42885436130663845,2021-06-10,Email,East,71,2,0.05,3
CUST0231,45,37368,8,847.41,5460.78,1,4,0.7584557473091266,2020-09-29,Email,South,104,2,0.12,2
CUST0232,40,166400,5,1340.84,32762.25,0,5,0.37180299127453575,2023-05-27,SearchAds,South,87,2,0.2,4
CUST0233,54,111751,7,956.47,21246.53,0,2,0.24409457249260236,2022-02-24,Referral,West,112,2,0.28,2
CUST0234,49,47306,4,1279.65,20875.35,0,4,0.7290134212929686,2023-09-17,Direct,South,11,0,0.3,5
CUST0235,50,190987,1,926.72,34298.04,1,3,0.4196722921572683,2021-03-28,SocialMedia,East,36,2,0.23,0
CUST0236,18,57219,5,417.83,4287.59,0,4,0.9813771043261948,2023-03-21,SocialMedia,South,49,0,0.17,3
CUST0237,36,80279,4,1040.4,30091.58,0,3,0.349485182308101,2020-12-12,SearchAds,North,48,1,0.23,1
CUST0238,19,73028,3,1080.74,38829.56,0,5,0.9217274205310659,2022-03-26,Referral,East,115,1,0.08,2
CUST0239,61,124263,2,1630.68,41582.43,0,2,0.9329625485670795,2021-02-17,SocialMedia,South,87,0,0.09,2
CUST0240,43,20126,12,1484.27,9355.99,1,3,0.24185294706474614,2021-03-06,SearchAds,South,107,0,0.2,2
CUST0241,49,72329,5,1344.39,44973.53,0,3,0.7982211815880134,2021-01-13,SearchAds,East,7,1,0.26,3
CUST0242,23,47632,10,271.1,33151.16,0,4,0.43307450514456514,2022-09-24,Referral,South,91,2,0.29,0
CUST0243,49,129945,6,1455.2,44210.89,0,3,0.9175247272303481,2022-06-13,SocialMedia,South,77,1,0.1,2
CUST0244,21,75176,1,1025.6,24778.76,0,5,0.4501242726352388,2021-03-03,SocialMedia,West,51,1,0.24,0
CUST0245,28,195399,6,1793.49,27559.63,0,5,0.7443037173373661,2023-01-12,SocialMedia,North,17,2,0.26,2
CUST0246,34,154869,2,1843.75,46032.88,0,5,0.46696740916379786,2020-07-10,Email,East,32,0,0.19,2
CUST0247,55,198954,4,157.56,45095.57,1,4,0.22780075571285618,2020-02-10,SocialMedia,West,26,1,0.1,2
CUST0248,41,164790,5,1650.25,22959.88,0,2,0.1993501289446863,2023-08-25,Direct,South,22,0,0.19,0
CUST0249,22,54560,8,123.51,14446.22,1,4,0.42543119425634557,2023-11-02,Email,East,13,1,0.18,1
CUST0250,69,96589,4,765.98,20265.35,0,5,0.7554946570142149,2020-05-15,Email,East,12,1,0.18,2
CUST0251,51,42116,2,1107.48,20000.45,0,4,0.6050714851807668,2020-04-15,Email,North,71,1,0.19,2
CUST0252,23,187316,1,338.8,15056.48,0,5,0.6886292899005433,2021-06-02,Email,North,1,3,0.25,3
CUST0253,39,152717,8,1505.31,14160.4,0,1,0.28232635073194245,2022-03-24,SearchAds,East,33,1,0.05,1
CUST0254,28,198595,8,66.29,43192.08,0,1,0.4814353459576055,2020-05-05,Direct,North,116,0,0.11,0
CUST0255,65,144085,4,378.77,4423.23,0,3,0.044395264969327,2023-10-12,Referral,North,119,2,0.18,1
CUST0256,33,137718,1,1182.55,34202.95,0,2,0.8175324159581207,2021-02-03,SocialMedia,South,14,0,0.08,3
CUST0257,50,39256,9,1443.06,9468.18,0,1,0.9898921622398746,2020-03-19,Email,North,111,0,0.29,1
CUST0258,26,120158,4,1837.45,17880.79,0,5,0.4068790626246709,2021-01-23,Referral,North,64,1,0.08,3
CUST0259,23,188502,2,1425.72,4015.61,0,4,0.01096365313154335,2020-03-14,SearchAds,West,43,0,0.14,1
CUST0260,33,190354,4,1359.97,14228.71,0,4,0.16979263955094737,2022-10-25,Referral,South,58,0,0.26,2
CUST0261,46,139719,3,818.97,38652.63,0,3,0.6525268777504188,2024-01-26,Email,South,41,0,0.02,3
CUST0262,20,88244,8,52.5,44365.75,0,4,0.6120793182038592,2020-03-22,Direct,East,81,2,0.25,0
CUST0263,37,162766,9,284.31,11854.83,0,1,0.7878647195855439,2022-02-14,Referral,North,68,0,0.17,1
CUST0264,53,76264,4,1092.38,23713.84,1,4,0.25388401096106816,2022-09-17,Email,West,116,1,0.01,4
CUST0265,36,77545,4,1366.5,24045.88,1,1,0.763631915547134,2023-11-29,Email,West,115,3,0.27,3
CUST0266,43,59224,5,864.02,43805.19,0,1,0.6879840215236698,2020-10-04,SocialMedia,South,39,0,0.01,3
CUST0267,20,117945,11,1474.82,38377.15,0,2,0.3228144977138433,2022-04-19,SocialMedia,North,1,1,0.15,2
CUST0268,36,33224,8,1067.63,26140.78,0,3,0.545488148056962,2020-08-11,Direct,West,41,0,0.01,1
CUST0269,37,60738,6,194.64,33866.61,0,5,0.14727380849832672,2022-12-27,SocialMedia,East,45,0,0.02,2
CUST0270,49,176222,2,424.43,42520.4,0,1,0.45256450343558263,2023-09-05,Direct,North,88,1,0.27,2
CUST0271,24,83731,8,1688.0,1467.41,0,3,0.881197339555641,2021-08-28,SearchAds,North,98,0,0.23,3
CUST0272,69,159649,7,1463.58,20741.61,0,5,0.4211913798253908,2020-01-19,SearchAds,North,98,2,0.06,2
CUST0273,58,28070,6,1794.79,45454.92,0,4,0.839566706475422,2021-10-01,SocialMedia,West,88,1,0.19,0
CUST0274,50,146161,5,279.24,37275.34,0,3,0.5902533652596944,2023-09-28,SearchAds,South,79,1,0.24,3
CUST0275,57,28666,3,1980.93,27599.23,0,3,0.19187671310235677,2023-09-28,Referral,South,81,1,0.27,5
CUST0276,56,77761,5,458.34,26952.58,0,3,0.5811062446978964,2020-04-06,Referral,East,13,1,0.14,2
CUST0277,35,56368,3,72.97,18040.73,0,4,0.5059833291570635,2022-12-11,Referral,West,71,0,0.27,3
CUST0278,57,157855,3,1994.97,26505.51,0,4,0.398641335196384,2020-06-23,SearchAds,North,9,0,0.15,1
CUST0279,18,61914,7,598.09,33113.78,0,3,0.11963043951607033,2023-09-23,Referral,East,108,0,0.21,4
CUST0280,28,147738,4,1352.64,21499.79,0,2,0.4167086638472298,2023-10-08,Direct,East,63,2,0.29,3
CUST0281,45,87526,4,394.53,35993.5,0,1,0.07276237623962711,2023-11-15,Email,South,99,3,0.07,5
CUST0282,42,196837,6,1181.45,43200.38,0,4,0.09876905139875125,2023-02-12,SocialMedia,North,23,1,0.05,2
CUST0283,67,39956,6,1812.87,8579.56,0,2,0.415916532932716,2020-12-13,Direct,North,54,1,0.1,0
CUST0284,40,66240,3,674.35,23125.8,0,4,0.3053814819684637,2020-01-01,Referral,West,47,1,0.05,3
CUST0285,48,141008,4,1357.0,20992.98,0,3,0.9255443258622235,2020-03-03,Email,West,39,3,0.09,1
CUST0286,47,188220,6,416.41,34685.78,1,2,0.37570580538027054,2020-08-13,SocialMedia,West,87,4,0.22,0
CUST0287,59,114270,6,1268.35,13243.51,0,5,0.7578581220721001,2021-02-26,Direct,East,26,3,0.14,3
CUST0288,52,24757,6,706.08,32372.29,0,1,0.5302475263662427,2022-11-08,SocialMedia,North,1,0,0.11,2
CUST0289,24,39097,6,461.86,43996.97,0,1,0.7040856686423355,2020-01-31,SearchAds,South,14,2,0.11,2
CUST0290,33,161467,3,660.7,21488.45,0,4,0.2601159830153992,2022-04-24,Referral,East,96,0,0.06,2
CUST0291,43,167313,5,398.74,45639.77,0,1,0.9419049728383291,2021-09-24,Direct,East,115,0,0.13,1
CUST0292,65,123892,2,1808.74,49665.02,1,5,0.530088496914424,2020-01-24,Direct,South,112,1,0.19,3
CUST0293,69,178768,5,824.51,6198.51,0,2,0.8313240712852497,2022-04-16,Email,South,74,3,0.04,2
CUST0294,66,90480,3,528.29,12419.61,1,2,0.3650456934761135,2022-09-09,Email,West,65,2,0.29,3
CUST0295,19,66163,3,924.4,47568.61,1,3,0.10021134905052453,2023-05-19,Email,South,69,1,0.13,5
CUST0296,18,39816,5,675.05,47958.06,0,2,0.6737116477208488,2020-06-09,SocialMedia,South,67,2,0.28,0
CUST0297,65,72853,11,1501.62,5787.66,1,4,0.007759648337424485,2023-07-02,Referral,South,49,0,0.04,0
CUST0298,29,175989,7,1943.88,1734.93,0,5,0.4752929765655083,2020-04-23,SocialMedia,South,50,0,0.23,2
CUST0299,22,116731,7,904.17,8893.9,0,3,0.19280190266645925,2021-05-18,Referral,West,58,2,0.19,3
CUST0300,54,172638,4,1729.02,49804.63,0,4,0.6273755044353622,2022-08-12,Direct,East,53,2,0.25,2
CUST0301,49,82823,1,1153.43,9819.98,0,4,0.9794198731378522,2023-05-28,SocialMedia,North,91,0,0.18,2
CUST0302,26,171878,4,356.61,25624.83,0,4,0.46440290632064596,2020-12-22,SocialMedia,North,115,2,0.29,3
CUST0303,58,21759,5,1396.71,42572.47,0,1,0.8174982565256667,2020-06-17,SocialMedia,East,118,0,0.19,0
CUST0304,52,193021,4,1051.2,1999.68,0,4,0.507784186951121,2022-08-26,SearchAds,North,57,0,0.24,1
CUST0305,36,112374,4,1318.68,30619.96,0,1,0.4958400311040241,2020-08-29,Referral,North,86,0,0.26,2
CUST0306,65,153554,7,1784.89,14574.25,0,2,0.9304234931787778,2023-10-30,Referral,East,18,1,0.21,3
CUST0307,33,44442,6,908.85,43254.41,1,1,0.8899658687466815,2020-05-18,SocialMedia,North,16,1,0.16,4
CUST0308,20,184791,8,1807.3,14889.6,0,4,0.7858004651879744,2020-04-06,SearchAds,North,2,0,0.08,4
CUST0309,37,113501,4,1513.8,34651.03,0,5,0.2962557533167841,2020-05-26,SocialMedia,East,111,1,0.26,4
CUST0310,41,22079,3,1002.78,34036.76,0,5,0.5450084157239405,2023-04-20,Referral,North,13,2,0.14,1
CUST0311,50,153789,0,1226.28,11853.18,0,2,0.223897233305685,2022-12-16,Direct,South,45,1,0.19,2
CUST0312,41,79676,4,684.88,2705.16,0,4,0.44391669804653977,2022-12-01,SearchAds,East,80,2,0.02,4
CUST0313,69,179024,1,1968.01,21053.23,0,1,0.4842130657597906,2022-05-15,SearchAds,West,72,1,0.15,1
CUST0314,28,193532,4,1351.33,15170.46,0,5,0.8316400401693309,2021-06-26,SocialMedia,North,43,1,0.21,1
CUST0315,66,110397,3,135.5,40639.91,0,3,0.8960283653249931,2021-11-22,Direct,West,72,1,0.18,1
CUST0316,25,92847,5,686.91,40217.85,1,4,0.41462006239647786,2022-10-22,Referral,North,54,3,0.13,0
CUST0317,53,113607,6,1265.46,23394.17,0,4,0.017704445073237207,2023-08-04,Email,South,74,1,0.07,3
CUST0318,55,169521,6,159.85,30719.1,0,3,0.8617738397893546,2023-03-07,Referral,East,119,1,0.09,2
CUST0319,57,184608,4,96.57,30608.72,0,5,0.1742786785013607,2022-06-22,Referral,West,97,0,0.21,2
CUST0320,37,84077,4,927.55,41530.75,0,3,0.6218819638903935,2021-12-30,Direct,East,31,1,0.07,1
CUST0321,52,58258,5,698.75,21825.12,0,2,0.024970900434131194,2023-05-30,SearchAds,West,76,1,0.19,3
CUST0322,65,199374,1,904.68,14496.89,0,1,0.39950647526056426,2020-11-26,Referral,North,9,0,0.18,1
CUST0323,42,179937,9,562.25,13986.71,0,1,0.9859603021153498,2021-09-08,SearchAds,South,101,1,0.29,2
CUST0324,52,157717,7,371.2,27273.42,0,5,0.1006936011038031,2021-02-07,Direct,West,73,1,0.02,3
CUST0325,42,139771,5,1393.83,23008.26,0,3,0.4236931519996423,2021-05-22,Direct,West,48,1,0.03,2
CUST0326,46,58000,4,1053.41,22565.92,0,4,0.30714995018995217,2023-02-24,SocialMedia,South,18,1,0.15,3
CUST0327,35,46737,5,440.3,5465.73,0,4,0.9050881233882643,2023-07-12,Email,South,94,2,0.16,0
CUST0328,63,31485,4,673.2,36211.58,0,4,0.8693401079073552,2022-11-04,Direct,South,96,1,0.01,2
CUST0329,35,58565,1,1204.03,11473.1,0,2,0.23769876030622883,2020-08-13,Direct,South,104,0,0.25,2
CUST0330,19,176594,3,190.85,10650.73,0,2,0.08118778705043117,2022-09-10,SearchAds,South,87,0,0.15,1
CUST0331,52,139614,7,337.53,21225.16,0,4,0.6271383940611175,2022-05-14,Direct,East,11,1,0.1,2
CUST0332,33,85155,6,192.83,12161.14,0,5,0.33636871188370976,2023-02-02,Referral,North,62,2,0.1,1
CUST0333,58,72487,10,1634.02,29609.06,0,2,0.6720843906060631,2022-01-14,SocialMedia,North,84,1,0.26,4
CUST0334,53,149948,4,1517.2,19201.7,0,2,0.032119756067814476,2021-05-07,SocialMedia,West,19,1,0.06,0
CUST0335,50,32342,5,1518.96,22996.67,0,1,0.13339923517748942,2020-11-14,Referral,South,100,0,0.05,0
CUST0336,21,60806,6,1446.83,27321.3,1,1,0.6863722327726434,2023-05-27,Direct,East,116,0,0.06,3
CUST0337,50,68770,6,1355.3,10973.24,0,5,0.21237065530249777,2023-07-24,Email,East,90,0,0.19,1
CUST0338,31,98623,8,980.13,8631.83,0,2,0.8575876757624016,2022-02-11,Direct,West,74,0,0.24,3
CUST0339,38,123177,4,1302.44,44140.67,1,2,0.05859088771013543,2023-09-26,SocialMedia,South,24,0,0.1,1
CUST0340,65,151026,3,124.81,22252.46,0,3,0.21548198278557462,2021-03-27,Email,North,13,1,0.05,2
CUST0341,37,95629,3,1261.86,21192.59,0,5,0.9985602484850686,2023-10-24,SearchAds,South,116,0,0.06,1
CUST0342,25,140993,9,1566.86,2745.0,0,5,0.43307610258679263,2022-08-01,SearchAds,East,46,2,0.19,3
CUST0343,24,146944,7,1025.7,25400.84,0,3,0.7029656635446435,2022-04-27,Direct,South,53,0,0.07,0
CUST0344,20,125947,2,747.15,28154.32,0,3,0.18266304885701368,2022-10-13,Direct,North,98,1,0.26,2
CUST0345,34,46399,2,590.98,28383.2,0,1,0.6098687349855377,2024-02-06,Email,North,29,2,0.03,1
CUST0346,50,148177,4,1303.46,35644.53,0,5,0.7261060683694185,2023-04-28,Email,West,36,0,0.01,4
CUST0347,65,129575,6,1400.96,9696.61,0,5,0.31447663586651053,2022-06-02,Direct,East,71,1,0.03,1
CUST0348,29,130904,9,1748.39,13358.93,0,3,0.8288971119758778,2021-02-22,SocialMedia,South,115,1,0.25,4
CUST0349,68,50678,11,717.55,40725.79,0,4,0.6034175784722833,2022-05-14,SearchAds,South,94,3,0.2,5
CUST0350,39,96218,4,1551.06,47411.36,0,4,0.3891230096150302,2022-02-27,Email,West,17,0,0.29,3
CUST0351,39,83230,7,1144.64,7660.7,0,1,0.5576423933431586,2021-05-09,SocialMedia,West,48,1,0.1,0
CUST0352,63,94055,7,1771.53,25384.83,0,4,0.5767608474359243,2022-11-28,Direct,West,77,1,0.06,3
CUST0353,47,182552,3,1079.23,11494.64,0,4,0.16553529269386602,2020-06-10,Referral,East,24,2,0.17,0
CUST0354,55,92258,7,1059.38,3943.59,0,4,0.40273236986696614,2020-04-30,Email,South,54,2,0.16,1
CUST0355,55,59986,5,1176.86,16949.66,0,2,0.3434305880194931,2021-02-02,Referral,West,119,2,0.18,4
CUST0356,62,175232,2,1511.16,8040.69,1,1,0.40090272257912607,2023-07-09,SocialMedia,East,95,3,0.1,2
CUST0357,68,105595,9,1931.15,35786.72,0,3,0.7611105884852579,2021-12-28,SearchAds,South,91,3,0.0,1
CUST0358,25,121358,6,193.45,27152.55,0,4,0.48253840746667265,2021-07-14,SocialMedia,North,114,0,0.01,1
CUST0359,44,84929,3,154.2,8047.89,0,2,0.9403161532392643,2021-08-26,SearchAds,West,85,1,0.2,0
CUST0360,44,93506,6,1878.22,1452.84,0,4,0.2936764133584362,2023-02-26,SocialMedia,East,108,1,0.16,3
CUST0361,51,54911,3,1083.26,40599.7,0,2,0.415703578284929,2021-06-23,Email,South,119,0,0.25,1
CUST0362,38,107127,2,1249.06,9633.53,0,1,0.7869568104790414,2020-12-21,Email,South,1,1,0.09,2
CUST0363,47,182893,8,990.73,30704.62,1,4,0.5460245933207503,2021-10-21,Referral,West,79,0,0.24,4
CUST0364,50,133453,4,232.63,17509.17,0,2,0.5470281464244477,2021-03-07,SocialMedia,West,67,1,0.13,1
CUST0365,45,104458,5,1547.77,29688.81,0,5,0.053340163005183516,2022-12-24,SocialMedia,South,6,1,0.03,1
CUST0366,64,32175,4,1507.09,16467.03,0,5,0.3985996627184558,2023-05-26,Referral,East,78,0,0.29,4
CUST0367,50,139235,3,657.82,5260.04,0,2,0.2707337324217325,2021-07-16,Direct,North,55,2,0.15,1
CUST0368,22,74771,4,647.17,11924.55,0,4,0.9993351228311154,2023-12-21,SocialMedia,South,38,0,0.19,5
CUST0369,65,147157,3,1683.79,10214.87,1,4,0.30835507063231027,2022-03-27,SocialMedia,East,33,2,0.2,3
CUST0370,36,141300,11,191.1,21972.95,1,1,0.8844965347938635,2023-01-02,SocialMedia,West,116,1,0.11,2
CUST0371,21,106925,6,1768.16,33255.91,0,1,0.6762337350404775,2024-01-23,Direct,South,102,0,0.22,0
CUST0372,52,86358,5,550.49,13926.5,0,3,0.34091640919209043,2023-12-19,Email,West,8,0,0.26,2
CUST0373,66,168399,5,1206.32,1591.43,1,1,0.5435343783741237,2021-12-11,Referral,North,90,1,0.12,3
CUST0374,34,67057,5,1875.19,26427.93,0,4,0.8405358799491938,2023-04-30,Direct,West,79,0,0.2,3
CUST0375,61,26150,3,1372.34,30682.21,0,3,0.8833682980309119,2023-04-27,SearchAds,North,78,0,0.23,1
CUST0376,45,24425,6,858.14,48180.65,0,1,0.16039387500614521,2020-01-12,SearchAds,West,112,0,0.06,2
CUST0377,47,36032,4,1394.59,29884.07,0,2,0.3395731412081696,2020-08-26,Direct,West,20,1,0.1,0
CUST0378,46,22198,5,720.76,24087.46,0,5,0.33522318021357167,2021-03-28,Direct,North,55,0,0.03,1
CUST0379,63,171151,3,590.65,29096.68,1,1,0.04204479607594469,2021-01-17,Email,West,48,2,0.18,4
CUST0380,23,187292,7,1993.53,46467.13,0,1,0.5982377598518965,2022-02-20,SearchAds,East,83,0,0.24,3
CUST0381,52,192946,3,1514.04,41590.53,0,2,0.854820052992188,2020-02-17,Referral,West,56,1,0.18,1
CUST0382,58,164931,6,1307.2,16825.96,0,4,0.3815743878255178,2020-11-12,SocialMedia,South,97,0,0.05,1
CUST0383,54,182491,7,742.81,12625.46,1,2,0.740035944984177,2020-07-27,SocialMedia,West,100,2,0.16,0
CUST0384,41,138865,1,145.86,13869.05,0,1,0.6277004136007399,2023-02-16,Email,East,88,0,0.25,3
CUST0385,46,159777,6,110.56,25716.63,0,4,0.3756487354930008,2021-07-30,Email,South,10,1,0.09,1
CUST0386,66,193952,4,1130.65,37458.42,0,3,0.14105979949229708,2020-11-10,SearchAds,East,52,1,0.25,1
CUST0387,63,43236,2,1535.96,25657.74,0,1,0.7093238527759673,2022-01-23,Referral,South,50,0,0.24,1
CUST0388,48,107955,2,1097.89,4322.02,0,2,0.8545651689412405,2022-11-25,Referral,West,34,3,0.01,1
CUST0389,52,123145,5,1689.53,36455.45,0,3,0.6858544924014919,2024-01-26,Direct,East,36,2,0.07,0
CUST0390,50,166430,5,115.18,40492.54,0,5,0.017878484034818065,2022-07-03,Email,West,111,1,0.16,1
CUST0391,69,114914,3,765.17,15185.4,1,3,0.21623289439099125,2022-01-24,SocialMedia,South,61,0,0.22,2
CUST0392,38,122870,5,512.29,33542.16,0,2,0.06947998488353191,2021-07-07,SocialMedia,East,100,2,0.26,0
CUST0393,49,136243,11,922.18,21903.0,0,3,0.5703860995762268,2021-02-06,SearchAds,North,16,0,0.19,2
CUST0394,40,34596,2,191.13,44566.85,0,2,0.7564776788404124,2023-02-04,SocialMedia,East,79,2,0.11,2
CUST0395,50,184644,6,1910.56,42416.05,0,1,0.11057918706865943,2020-02-08,Referral,West,18,0,0.06,0
CUST0396,20,152351,5,485.35,26746.17,0,4,0.8383378205933852,2021-08-03,Referral,North,71,1,0.23,4
CUST0397,35,131496,3,1848.5,34883.77,0,5,0.5555089783954832,2020-06-28,Email,North,47,0,0.06,1
CUST0398,42,150273,4,880.49,44284.14,0,4,0.6899690121417249,2020-01-12,SearchAds,South,86,0,0.21,2
CUST0399,59,158155,10,1971.77,25290.13,0,4,0.9714018486086462,2023-09-24,SocialMedia,North,32,3,0.05,3
CUST0400,48,140674,1,1130.41,16349.29,0,4,0.08368098824769732,2022-07-31,Email,North,43,4,0.03,2
CUST0401,20,140307,8,1865.12,37929.64,0,2,0.9012240229777893,2021-07-01,Direct,South,83,3,0.08,1
CUST0402,57,168843,3,60.43,11783.25,0,2,0.1261026959874093,2023-02-23,Direct,East,40,0,0.09,2
CUST0403,63,181047,5,1509.07,20038.03,0,5,0.39295880663668226,2020-03-03,SocialMedia,West,65,1,0.19,3
CUST0404,41,196720,4,1810.95,43420.63,0,2,0.8514386963311144,2022-04-23,SocialMedia,East,35,0,0.05,1
CUST0405,67,199357,11,322.46,36496.69,1,2,0.9062542367378682,2023-01-10,SocialMedia,North,69,1,0.28,1
CUST0406,49,39063,3,237.45,20786.74,1,2,0.5063716735451453,2022-10-05,Referral,West,50,1,0.17,1
CUST0407,64,87642,4,877.92,11522.48,0,2,0.5941046382754251,2023-08-15,SocialMedia,East,12,1,0.15,1
CUST0408,39,110093,3,1870.67,18442.45,0,1,0.7081473345985572,2020-02-03,Direct,West,76,1,0.13,0
CUST0409,40,188671,3,1107.65,14921.1,0,5,0.8327586684527142,2022-01-21,SocialMedia,North,85,0,0.17,3
CUST0410,19,179601,8,1078.54,9628.38,0,2,0.12151116953766616,2020-02-18,SearchAds,East,58,0,0.01,2
CUST0411,44,55954,1,325.2,37423.31,0,5,0.8100693082292276,2021-10-19,Direct,West,83,0,0.3,2
CUST0412,59,47856,5,51.54,13351.42,0,3,0.48127615051161676,2021-12-01,SearchAds,West,63,0,0.17,0
CUST0413,19,22573,7,1629.77,23254.21,0,1,0.450623425108169,2022-12-16,Direct,East,73,2,0.01,3
CUST0414,43,55367,3,220.77,19907.11,0,2,0.42389975199699825,2020-04-18,Email,East,107,1,0.18,0
CUST0415,34,119608,7,1286.01,49121.79,0,1,0.5092115852460426,2022-09-11,Direct,North,49,2,0.13,3
CUST0416,57,80774,5,1833.5,20163.52,0,1,0.9450505533946035,2020-01-24,Direct,South,112,0,0.01,2
CUST0417,50,43752,7,456.87,4919.14,0,3,0.5482037727921516,2020-08-08,SearchAds,West,36,0,0.28,1
CUST0418,26,75029,5,1347.28,5401.46,0,5,0.9531775382631392,2020-11-10,SearchAds,East,106,1,0.0,1
CUST0419,60,168757,7,203.46,29946.93,0,1,0.1802901306156406,2020-10-20,Direct,East,54,1,0.17,2
CUST0420,65,150282,5,1227.32,30368.81,0,4,0.7241359788326331,2022-10-30,Direct,East,47,0,0.29,1
CUST0421,56,71693,4,369.67,21519.19,0,3,0.8122395386087472,2022-10-16,Referral,West,115,2,0.07,2
CUST0422,46,136739,5,1485.11,22160.34,1,4,0.6791288313348619,2022-10-14,Email,North,32,1,0.08,3
CUST0423,59,75961,11,637.4,3642.7,0,3,0.6069222802265404,2021-09-29,Email,South,99,3,0.0,2
CUST0424,43,146678,7,953.61,26310.78,0,4,0.5648127810861823,2020-09-23,SocialMedia,West,95,0,0.02,0
CUST0425,52,94532,6,1218.89,25732.23,0,4,0.860930482578696,2020-03-28,Direct,North,53,1,0.01,1
CUST0426,67,101994,3,383.98,8327.92,0,1,0.8216465971645001,2021-03-30,Direct,West,119,1,0.25,0
CUST0427,42,76133,0,1496.19,6088.13,0,1,0.12228872118059952,2023-03-17,Direct,West,32,0,0.25,3
CUST0428,41,81268,10,640.15,7055.05,0,3,0.8485876570308781,2022-01-26,Direct,East,62,1,0.22,4
CUST0429,30,189315,5,1341.63,5950.38,1,5,0.4140686194404425,2021-03-06,Email,North,37,3,0.11,3
CUST0430,24,51653,5,358.65,30875.7,0,1,0.2536968299958108,2022-06-29,SearchAds,East,96,2,0.25,0
CUST0431,53,177729,3,1391.83,10627.65,0,1,0.8697685680139259,2020-08-29,Referral,East,107,1,0.16,3
CUST0432,62,191024,4,299.97,13320.08,0,2,0.43202479963374163,2021-12-02,SearchAds,North,101,4,0.09,2
CUST0433,37,173252,2,879.45,9505.04,0,1,0.8083646901768167,2022-06-20,SearchAds,East,103,0,0.13,4
CUST0434,18,141829,2,532.05,47933.93,0,5,0.2634036119558445,2022-01-10,Email,East,38,0,0.02,1
CUST0435,25,148377,7,1509.33,42876.26,0,2,0.003929321422217802,2020-03-06,Referral,South,30,0,0.28,3
CUST0436,63,21622,3,560.97,12294.25,0,4,0.4954591929029444,2022-08-29,Direct,North,58,3,0.19,1
CUST0437,33,68756,1,1769.35,17050.75,1,4,0.10022825664288426,2021-01-12,Email,North,32,2,0.22,2
CUST0438,31,60809,3,1789.05,11284.75,0,2,0.7543759555249097,2021-01-22,Email,East,109,1,0.2,2
CUST0439,29,36725,7,433.06,25101.92,0,2,0.27607513606941037,2022-02-19,Referral,East,66,3,0.2,2
CUST0440,68,71226,5,1247.0,1960.92,1,2,0.4436456466034787,2020-07-27,SocialMedia,North,51,0,0.01,6
CUST0441,40,101182,5,221.05,33897.03,0,3,0.08703356509155424,2023-12-09,Email,North,11,1,0.16,1
CUST0442,32,49402,4,813.5,26634.75,1,5,0.28665924844725266,2020-01-16,SearchAds,West,59,2,0.25,2
CUST0443,45,24263,5,1440.98,45033.31,1,5,0.781490243258572,2023-08-13,SearchAds,North,20,1,0.01,2
CUST0444,51,197900,5,1335.88,9055.24,1,4,0.15158791190231946,2022-09-12,Direct,West,37,2,0.29,1
CUST0445,19,67924,3,1268.17,40401.35,0,4,0.6471595611269574,2023-05-28,Email,East,73,0,0.13,1
CUST0446,49,94182,3,600.95,39806.09,0,4,0.9174258528045012,2021-01-01,Direct,South,102,1,0.09,2
CUST0447,40,162736,6,787.15,7231.88,0,1,0.6798367597577203,2022-02-18,Email,South,49,2,0.16,1
CUST0448,39,55737,6,250.74,20529.4,1,4,0.8110216892922268,2023-06-06,Referral,West,19,0,0.24,5
CUST0449,68,121332,4,1452.09,9337.48,0,2,0.1089716293039158,2021-03-15,Email,East,55,3,0.14,1
CUST0450,42,109563,9,1032.58,13481.3,0,4,0.25073182600205446,2021-11-20,SocialMedia,East,40,2,0.19,0
CUST0451,39,180445,6,1432.09,13899.06,0,2,0.894538852240591,2024-01-13,SearchAds,East,7,1,0.15,4
CUST0452,39,187469,5,535.44,28255.58,0,3,0.7151056136180892,2022-11-25,Referral,North,5,1,0.19,2
CUST0453,66,148575,5,682.65,21159.14,0,1,0.6395538263773112,2022-04-26,SearchAds,East,111,1,0.04,2
CUST0454,69,121371,4,701.72,47438.91,0,1,0.6637667361217,2021-02-25,Direct,North,42,1,0.01,2
CUST0455,59,58709,10,100.2,7192.14,0,5,0.4142005543046434,2023-04-27,Referral,West,88,3,0.04,1
CUST0456,23,170322,6,715.04,48710.91,0,3,0.04455663161765322,2023-04-16,SocialMedia,South,48,1,0.09,1
CUST0457,32,41172,2,1616.44,12301.29,1,2,0.784441542070729,2021-08-30,SearchAds,West,105,0,0.08,3
CUST0458,60,31555,4,1799.73,38870.82,0,3,0.6787132362153538,2023-08-31,Email,East,7,1,0.18,1
CUST0459,54,73276,3,1060.53,17609.53,0,1,0.4728044641127247,2020-01-20,Email,East,11,1,0.14,0
CUST0460,50,77492,2,938.23,8010.99,0,2,0.8997596153682574,2021-11-06,Email,West,73,1,0.01,7
CUST0461,25,109599,5,110.11,43036.57,0,3,0.33615966498509886,2021-01-16,Referral,North,49,0,0.01,2
CUST0462,61,175834,6,1764.45,16134.18,0,1,0.2943217442312359,2021-08-31,SocialMedia,North,30,0,0.03,1
CUST0463,61,31046,5,75.37,33283.91,1,2,0.8727963250794428,2020-05-22,SocialMedia,North,41,2,0.11,2
CUST0464,22,136021,10,1892.26,28755.74,0,2,0.7969876547589855,2020-03-02,SocialMedia,South,3,1,0.0,0
CUST0465,56,179841,5,1003.97,24116.06,0,1,0.5149798106483447,2023-06-19,SearchAds,South,86,0,0.15,2
CUST0466,21,174222,5,716.77,25295.15,0,2,0.13073473945784997,2020-08-25,Referral,East,40,0,0.11,3
CUST0467,23,24853,4,1852.23,36879.66,0,1,0.21507147146505246,2023-02-28,Email,West,51,2,0.17,2
CUST0468,62,140900,4,97.56,5300.87,0,4,0.6562279904088066,2023-02-20,SearchAds,West,84,1,0.22,1
CUST0469,49,172864,3,1183.78,33740.85,0,4,0.38504123784041167,2024-01-03,SocialMedia,East,32,3,0.08,1
CUST0470,69,79129,6,1120.42,44894.79,0,2,0.8364731916659712,2022-07-15,Email,North,48,3,0.05,2
CUST0471,47,134130,4,477.67,3831.62,0,2,0.9499550093322041,2020-12-07,Referral,South,71,1,0.08,2
CUST0472,64,183059,2,886.33,7892.01,0,1,0.8056369252749183,2023-12-13,Direct,West,71,1,0.0,5
CUST0473,52,166922,9,1321.91,36114.96,0,2,0.37754542299555716,2021-03-30,SocialMedia,East,20,3,0.04,0
CUST0474,57,163184,5,1467.91,22426.8,0,5,0.7886864292314241,2023-05-06,SocialMedia,North,89,1,0.23,2
CUST0475,69,141789,9,51.4,20773.88,0,4,0.35144167347068345,2020-10-08,SocialMedia,North,109,1,0.07,5
CUST0476,33,175130,5,1876.86,7711.37,1,2,0.1671000877656339,2022-06-04,SocialMedia,South,35,0,0.3,4
CUST0477,30,196492,5,370.82,25831.73,0,2,0.033393204865857395,2022-10-21,Email,South,108,1,0.05,4
CUST0478,67,58890,1,505.48,7200.72,0,3,0.38571671276102004,2021-12-23,Referral,East,24,1,0.24,2
CUST0479,59,86017,5,563.77,24354.4,1,2,0.9035593036972819,2023-09-17,SearchAds,East,40,1,0.21,1
CUST0480,47,198376,8,123.75,38417.15,0,5,0.2389865877556765,2023-05-20,Email,North,77,1,0.1,0
CUST0481,36,183993,6,289.95,13654.95,0,4,0.206513164929784,2020-03-27,Referral,North,52,1,0.1,2
CUST0482,34,152596,2,1973.38,24558.52,0,3,0.9698207852410403,2021-10-26,SearchAds,West,112,0,0.17,3
CUST0483,36,120424,5,664.67,49608.78,0,1,0.02500411285059212,2022-05-11,SocialMedia,North,39,1,0.26,3
CUST0484,45,35048,5,274.84,34645.87,0,1,0.7857821503937543,2020-03-01,Referral,East,68,1,0.12,0
CUST0485,43,186183,4,258.63,42226.48,0,4,0.32136995574087035,2022-03-07,SocialMedia,South,61,1,0.02,4
CUST0486,54,188976,6,1452.95,21327.53,0,1,0.037487956869659333,2020-04-04,Referral,East,76,1,0.11,2
CUST0487,43,74912,5,1716.41,38625.19,0,5,0.9178025402095836,2022-02-24,Direct,West,81,1,0.06,4
CUST0488,40,54008,6,551.06,2984.95,1,2,0.1396423302095836,2023-03-16,SocialMedia,West,65,2,0.28,3
CUST0489,26,151132,5,90.77,7022.65,0,4,0.5517792837256954,2023-06-23,SocialMedia,South,62,0,0.21,0
CUST0490,29,103559,4,485.03,10950.46,0,3,0.2740542074295478,2022-08-18,SocialMedia,East,81,0,0.02,2
CUST0491,18,75337,7,160.21,20695.64,1,2,0.06519280218469103,2020-10-23,Email,West,2,2,0.09,1
CUST0492,18,130616,5,251.62,42441.5,0,1,0.04992248566337909,2023-02-20,SearchAds,East,6,1,0.02,3
CUST0493,64,33350,7,891.44,17967.04,0,1,0.11555669883633879,2021-11-24,SocialMedia,West,108,2,0.25,4
CUST0494,51,44354,6,498.34,33076.44,1,3,0.07136701388938005,2024-01-19,SocialMedia,South,75,2,0.27,2
CUST0495,49,65186,4,1056.09,35756.4,0,5,0.7605581155199229,2021-02-02,Email,West,117,1,0.03,2
CUST0496,65,48145,8,544.31,29722.94,0,3,0.48556620228342917,2022-08-03,Email,East,43,1,0.13,3
CUST0497,42,185092,4,1884.05,18504.86,0,4,0.3428920913489797,2023-06-08,Direct,East,82,1,0.28,3
CUST0498,57,106123,3,1816.59,29275.61,0,3,0.41836891013200717,2021-06-17,Referral,West,40,1,0.04,0
CUST0499,62,40581,5,1155.27,17771.01,0,1,0.9289467355726233,2021-02-05,SocialMedia,North,89,1,0.09,6
CUST0500,18,108929,10,741.13,5109.81,0,5,0.9107518127381472,2020-05-09,Referral,South,39,0,0.09,2
CUST0501,33,43051,6,793.24,49647.39,0,5,0.7156764801225769,2020-10-18,Email,South,28,1,0.01,4
CUST0502,56,71474,4,853.11,7231.94,0,3,0.8846823774216878,2020-10-02,Email,West,110,0,0.01,2
CUST0503,22,111748,3,1468.78,4545.07,0,4,0.3196480275876248,2022-06-30,Direct,West,80,1,0.29,3
CUST0504,39,145995,3,930.7,44048.01,0,1,0.38110932600828284,2023-10-31,SearchAds,North,63,2,0.17,1
CUST0505,46,89626,5,1720.62,15789.9,0,2,0.613712181854228,2022-07-14,Email,South,64,0,0.09,5
CUST0506,20,26960,2,1890.98,32864.55,0,5,0.6236259472972642,2020-02-24,SocialMedia,North,12,0,0.11,2
CUST0507,29,186844,6,705.09,17121.28,0,3,0.48169983801234095,2022-01-08,Direct,South,41,1,0.21,2
CUST0508,43,172592,2,1143.35,20181.26,0,4,0.40065784843795327,2022-11-15,SearchAds,West,116,1,0.11,1
CUST0509,33,56408,5,235.36,13843.54,0,4,0.9861803116086951,2024-01-04,Direct,South,29,1,0.07,0
CUST0510,68,114006,2,440.91,17809.16,0,1,0.8211236261177244,2022-02-03,Email,South,23,1,0.03,1
CUST0511,54,77134,6,856.26,21124.32,1,5,0.4349801978880452,2023-05-05,SearchAds,South,85,0,0.22,1
CUST0512,39,171563,3,452.1,36300.39,0,1,0.7272924772395685,2021-10-03,Referral,North,80,1,0.05,1
CUST0513,46,152413,5,1759.29,26065.27,1,2,0.2695616932524595,2023-06-20,SearchAds,North,117,1,0.02,2
CUST0514,31,195695,2,358.66,47234.7,0,2,0.10016932623732988,2021-12-24,SocialMedia,South,51,0,0.13,1
CUST0515,45,110327,6,938.54,3052.14,0,2,0.35243102555274064,2023-04-28,Referral,East,112,3,0.01,3
CUST0516,22,151410,6,1231.11,25650.35,1,4,0.4029728001233942,2022-03-12,Referral,North,105,1,0.29,3
CUST0517,64,163326,7,1399.13,29627.01,0,5,0.0165371245606708,2022-01-07,SocialMedia,West,45,2,0.19,3
CUST0518,66,31344,6,796.99,46089.65,0,1,0.814792001635896,2022-01-27,Referral,West,90,0,0.05,4
CUST0519,47,152822,6,1744.74,3408.77,1,1,0.3591934023891815,2021-07-20,Email,South,101,2,0.05,3
CUST0520,63,87957,4,1158.22,29101.48,1,2,0.580418165780147,2023-07-23,SearchAds,West,22,0,0.17,4
CUST0521,69,125423,4,907.04,42827.87,1,5,0.07396318727095597,2023-12-03,SearchAds,North,115,1,0.11,1
CUST0522,22,78053,7,181.12,12854.46,0,5,0.17499682875058398,2020-12-05,SocialMedia,East,10,3,0.23,3
CUST0523,29,166968,5,956.14,43938.33,0,3,0.88969372532756,2020-06-01,Email,East,7,3,0.16,3
CUST0524,33,97454,5,1650.43,1933.13,0,5,0.6086875278828008,2023-11-22,Referral,East,73,2,0.13,1
CUST0525,43,110600,8,1248.35,36890.28,0,5,0.9502840501704856,2024-01-07,SearchAds,West,89,1,0.29,2
CUST0526,43,142732,4,1672.72,46722.55,1,1,0.9987500343913169,2022-09-30,SearchAds,South,110,0,0.12,3
CUST0527,65,179007,2,1013.32,33202.69,0,5,0.3718601153330944,2021-03-02,SearchAds,West,15,1,0.12,1
CUST0528,38,57641,3,281.0,22512.43,0,5,0.2988030640832746,2022-09-29,SearchAds,South,77,1,0.2,3
CUST0529,56,49711,4,76.6,3199.17,0,1,0.8583560551590967,2020-07-22,Direct,East,106,0,0.24,3
CUST0530,53,90342,6,641.28,46085.58,0,5,0.9986114270374542,2023-02-09,SocialMedia,North,46,2,0.19,1
CUST0531,50,126896,9,1411.08,24044.51,1,1,0.6296412342324573,2020-11-20,Referral,West,90,0,0.21,6
CUST0532,47,163254,3,1591.01,2420.84,0,3,0.7951407225115223,2023-07-05,Referral,North,85,2,0.11,6
CUST0533,54,107833,5,626.72,34801.23,0,4,0.7817458588152745,2022-08-07,SocialMedia,East,87,1,0.14,1
CUST0534,40,76276,3,1016.53,24610.03,1,1,0.35533970821954697,2022-08-08,Email,South,61,1,0.06,5
CUST0535,27,39541,2,871.18,7092.92,0,1,0.5742703802570872,2023-10-05,SocialMedia,North,108,0,0.2,2
CUST0536,22,114457,4,850.52,11499.32,0,5,0.8330569412642136,2022-07-27,SearchAds,West,92,0,0.07,1
CUST0537,53,64813,9,501.13,4160.04,0,1,0.6881138762610555,2022-08-14,SearchAds,North,61,1,0.0,2
CUST0538,51,188270,4,315.92,29140.38,0,2,0.02116381398203826,2022-06-12,SocialMedia,North,51,2,0.28,0
CUST0539,69,159892,5,433.54,31479.44,0,2,0.3367056688975335,2021-03-10,SocialMedia,West,38,2,0.09,4
CUST0540,48,44070,8,157.9,25781.37,1,3,0.14447569659460535,2023-12-20,Referral,South,12,2,0.06,1
CUST0541,27,162194,8,436.35,41038.0,0,1,0.2329722120780391,2023-07-27,Referral,West,88,4,0.08,1
CUST0542,36,100559,5,67.94,43189.43,1,5,0.9054894774913257,2021-01-05,Direct,East,77,2,0.1,0
CUST0543,49,61786,3,1273.15,31165.6,1,5,0.03689328891076815,2022-07-21,Direct,South,104,0,0.14,1
CUST0544,18,157809,9,666.93,1625.07,0,4,0.21980071196192374,2020-09-05,SearchAds,North,112,1,0.02,2
CUST0545,22,56062,2,1947.63,35066.25,0,3,0.30956935223823145,2022-06-09,Direct,West,66,2,0.02,3
CUST0546,62,71571,8,427.75,21481.96,0,5,0.6168840719663948,2020-06-29,Direct,East,54,0,0.09,2
CUST0547,21,45510,7,724.37,28712.32,0,4,0.5341016900858655,2021-12-03,Email,West,39,0,0.09,2
CUST0548,33,39426,6,747.79,32804.95,1,5,0.2182694828533861,2022-09-25,SocialMedia,South,76,2,0.04,2
CUST0549,41,57265,9,66.48,18161.59,0,4,0.16424106722315446,2020-03-18,Referral,East,39,0,0.12,4
CUST0550,33,168922,3,1686.46,45937.83,0,2,0.2367980345961188,2022-07-07,Direct,North,115,2,0.09,1
CUST0551,19,86150,6,112.39,7564.77,0,2,0.5025296267016556,2022-06-03,Referral,South,78,1,0.01,2
CUST0552,66,107312,7,1883.35,33904.08,0,5,0.27117778571120343,2020-12-01,Direct,East,30,1,0.27,3
CUST0553,45,109613,7,1789.54,1213.62,0,3,0.9476025016077222,2020-02-19,Direct,South,105,0,0.27,2
CUST0554,49,94910,5,1094.27,46307.9,0,1,0.46386522142884756,2020-03-25,SearchAds,North,114,2,0.06,5
CUST0555,44,72375,5,1110.01,6512.7,0,3,0.058796016544637064,2021-11-25,Email,East,107,2,0.05,0
CUST0556,37,141826,1,1324.87,5649.33,0,3,0.7292664058366334,2020-01-04,SocialMedia,West,48,3,0.16,5
CUST0557,41,55435,7,804.75,17317.37,0,1,0.3288452882089896,2022-09-19,SocialMedia,West,83,2,0.19,2
CUST0558,29,116443,4,1312.08,19304.75,0,2,0.6534889320582475,2020-11-12,SearchAds,North,31,0,0.29,2
CUST0559,67,154055,7,137.3,11500.7,0,2,0.279594370523232,2023-02-08,SearchAds,East,107,1,0.11,1
CUST0560,52,171734,5,155.39,29670.96,0,1,0.5707437417333199,2023-09-19,SocialMedia,North,114,2,0.19,3
CUST0561,50,43510,5,941.6,22702.79,0,4,0.7721525048074647,2022-02-01,SocialMedia,North,107,0,0.26,1
CUST0562,50,192070,3,1121.76,2674.6,0,3,0.928008741774554,2023-03-02,Email,South,25,2,0.13,3
CUST0563,68,114071,5,1781.24,16662.95,1,5,0.26112714443307705,2021-09-03,Direct,West,68,3,0.04,3
CUST0564,60,26640,5,254.09,40711.21,0,2,0.33485695099898116,2022-10-01,Email,North,114,1,0.11,2
CUST0565,54,64547,4,1654.16,34795.38,0,5,0.4642664202859397,2022-07-02,SocialMedia,South,51,0,0.04,3
CUST0566,29,74620,3,459.59,36518.67,1,1,0.9271748377359889,2022-03-09,Direct,North,13,0,0.0,1
CUST0567,20,166389,3,818.46,35207.73,1,5,0.9013868568106571,2020-04-28,SocialMedia,North,100,0,0.23,1
CUST0568,18,135608,5,667.37,16237.68,0,5,0.08987828010063803,2020-12-15,Email,North,63,2,0.07,3
CUST0569,50,27564,10,830.3,5883.53,0,3,0.13192982575381085,2022-07-05,Email,West,42,3,0.0,2
CUST0570,57,178417,2,343.47,14350.89,0,1,0.49550917733063826,2021-11-17,Email,East,54,0,0.26,3
CUST0571,27,133824,5,1031.96,41757.48,0,5,0.10661927280542349,2021-06-25,Direct,West,101,0,0.13,3
CUST0572,60,99273,3,1613.2,49043.07,1,2,0.34558087334869747,2022-12-14,Referral,South,67,2,0.07,1
CUST0573,61,94859,4,910.99,25198.5,0,1,0.14838537821747766,2020-12-26,Referral,East,80,3,0.08,0
CUST0574,46,130017,6,1006.7,1475.32,0,2,0.6360403551318858,2021-12-08,SocialMedia,South,90,1,0.07,3
CUST0575,30,143618,3,1705.1,7862.2,0,4,0.9494954317391617,2024-01-16,Direct,North,104,0,0.06,1
CUST0576,29,145341,4,1426.81,16781.95,0,5,0.9967337702943815,2021-11-15,SearchAds,East,56,0,0.25,1
CUST0577,48,49430,4,1006.39,29350.68,0,1,0.3752411324969148,2020-11-25,Referral,South,103,1,0.05,1
CUST0578,63,47788,5,552.51,4679.59,1,2,0.5990126371146123,2020-08-06,Direct,North,19,0,0.17,1
CUST0579,19,199615,8,1775.61,47224.51,0,5,0.8562676535240813,2020-07-26,Direct,South,46,0,0.02,3
CUST0580,68,164991,5,1175.19,18889.1,0,3,0.11746207279638399,2022-04-24,Referral,South,15,0,0.28,1
CUST0581,67,89346,6,481.24,45716.63,0,2,0.689564411051965,2020-03-25,Direct,West,32,0,0.18,3
CUST0582,52,116122,3,574.78,39245.57,0,2,0.40884366172506825,2021-11-15,Direct,North,49,0,0.27,6
CUST0583,40,59974,4,1616.11,38016.43,0,4,0.20614616028016408,2020-09-01,Referral,West,21,1,0.12,0
CUST0584,34,127309,5,136.08,30729.26,1,3,0.402753618747442,2022-05-21,Email,East,65,1,0.24,3
CUST0585,43,36371,6,1984.58,31712.41,0,4,0.07596028696491686,2022-10-19,SocialMedia,North,70,0,0.26,2
CUST0586,25,65084,7,304.19,32262.16,1,3,0.6954071485893057,2023-09-20,SearchAds,West,27,1,0.21,1
CUST0587,46,180701,5,1602.33,31807.35,0,2,0.2527426687484531,2023-05-20,SocialMedia,West,23,0,0.03,3
CUST0588,43,81916,2,819.81,28132.68,0,4,0.311405645044878,2021-08-18,Email,East,47,0,0.0,1
CUST0589,27,93972,6,1009.82,49334.29,0,5,0.12108129824146274,2021-11-15,Email,South,95,1,0.05,0
CUST0590,43,32984,4,1767.27,36882.24,0,3,0.8646591138898917,2023-04-21,Direct,South,12,1,0.04,1
CUST0591,51,53039,2,855.18,39070.37,1,2,0.4934442792827386,2023-03-02,SocialMedia,South,85,1,0.22,6
CUST0592,68,105431,4,1098.11,43750.68,0,1,0.5721468777864003,2022-10-10,Email,East,116,0,0.17,1
CUST0593,58,103691,2,146.13,11566.35,0,3,0.5694326830948546,2022-10-10,SocialMedia,West,66,0,0.16,4
CUST0594,24,78606,3,54.58,5106.4,0,3,0.41049311454134174,2020-12-15,Email,North,5,2,0.08,4
CUST0595,21,161688,4,527.36,24661.83,1,5,0.19252991543813947,2020-10-08,SearchAds,East,9,0,0.05,1
CUST0596,67,122665,7,1377.14,26189.95,0,3,0.7451327484983999,2020-10-19,Email,South,20,2,0.06,2
CUST0597,62,125373,5,286.47,41629.91,0,3,0.12705626535767434,2023-07-16,SocialMedia,South,110,0,0.12,3
CUST0598,28,44574,5,271.84,22745.4,0,5,0.1038737902788105,2023-05-05,Direct,North,82,1,0.22,1
CUST0599,46,154502,7,851.37,28971.8,0,5,0.7101450375965034,2022-09-10,SocialMedia,East,63,1,0.08,3
CUST0600,53,163748,9,1313.28,26826.48,0,4,0.20883702045198382,2020-01-20,Referral,South,86,0,0.21,3
CUST0601,42,161888,7,1438.54,2871.94,1,2,0.30677275135283233,2022-01-28,SocialMedia,East,72,3,0.15,3
CUST0602,38,52733,6,397.98,31145.53,0,2,0.47522746700174023,2021-02-08,SearchAds,West,98,0,0.27,1
CUST0603,53,22050,6,205.2,41574.12,0,4,0.4493513167295462,2023-02-12,SearchAds,East,73,0,0.07,3
CUST0604,27,129996,9,1883.77,8717.53,0,2,0.7085791250649992,2021-12-01,SearchAds,West,71,0,0.14,4
CUST0605,54,53933,2,558.3,30122.25,0,3,0.623431793443361,2022-09-06,Email,North,30,1,0.03,3
CUST0606,26,44951,3,1714.03,30086.92,0,4,0.6443961622818657,2020-01-26,SearchAds,West,82,0,0.1,0
CUST0607,41,52413,9,1733.81,9045.06,1,4,0.7140543306554573,2021-07-19,SocialMedia,West,91,0,0.15,5
CUST0608,52,185873,3,1556.42,7049.72,1,2,0.29261272742346534,2021-01-29,Direct,North,16,0,0.22,2
CUST0609,66,183985,8,379.23,49022.55,1,1,0.32233331180047364,2022-09-27,SearchAds,South,85,1,0.06,2
CUST0610,52,132573,5,1652.51,20292.24,1,2,0.4379977478955541,2023-11-05,SocialMedia,North,5,1,0.07,1
CUST0611,65,191672,4,1550.04,12143.66,0,1,0.3074621730335261,2021-06-06,Email,East,119,1,0.19,0
CUST0612,53,186472,9,1213.61,9394.9,0,4,0.9849378689708634,2022-05-11,Email,North,29,0,0.11,3
CUST0613,35,155566,2,707.54,33712.48,0,1,0.8140519264214297,2023-01-11,Direct,East,47,1,0.14,2
CUST0614,66,142744,5,561.89,30862.82,0,3,0.16465468825602958,2022-03-12,Direct,South,101,0,0.25,2
CUST0615,56,109431,10,287.68,32534.05,0,5,0.005594155881869511,2021-07-03,SocialMedia,East,107,1,0.15,4
CUST0616,49,63001,5,1044.03,5312.3,0,1,0.04278326824726786,2024-01-08,Direct,North,22,1,0.2,4
CUST0617,41,87364,4,1191.26,44783.19,0,5,0.24406345104292526,2020-03-27,Direct,North,78,0,0.2,1
CUST0618,40,144988,7,750.71,20074.05,1,3,0.11429128583685655,2022-04-12,Email,South,57,0,0.24,1
CUST0619,49,65028,3,976.95,16355.1,0,5,0.5333381148925721,2021-01-21,SocialMedia,North,83,1,0.19,1
CUST0620,54,188645,6,758.85,23655.71,1,3,0.8579952227273586,2022-08-20,Direct,South,35,0,0.02,0
CUST0621,29,151878,3,1299.96,20113.24,0,5,0.7367502209132274,2021-10-29,SocialMedia,South,88,2,0.1,2
CUST0622,66,144343,3,1807.46,43315.27,0,5,0.2156090630821904,2023-11-22,SearchAds,North,106,0,0.3,2
CUST0623,30,148301,4,369.64,46533.79,0,2,0.39929925602578586,2020-10-12,Email,West,60,1,0.06,2
CUST0624,40,146295,1,793.75,15869.21,0,1,0.5078942095312776,2021-11-28,Email,East,70,0,0.18,0
CUST0625,42,180829,2,324.69,43332.85,0,5,0.8102058495033355,2022-08-22,Email,West,60,1,0.25,5
CUST0626,52,54636,4,1268.64,39294.63,0,4,0.8391216031061648,2021-01-03,Referral,South,58,2,0.18,0
CUST0627,58,199352,5,1471.3,46609.58,0,2,0.909718311907776,2021-10-16,SocialMedia,East,3,0,0.11,3
CUST0628,47,44262,8,1867.23,13041.77,0,1,0.5092452505028752,2023-12-16,SearchAds,West,34,1,0.02,0
CUST0629,34,100435,7,593.8,29271.0,0,2,0.694274746435863,2021-10-15,Direct,North,45,0,0.11,1
CUST0630,66,148583,7,1902.91,14452.68,0,1,0.11180037123393716,2021-11-27,SearchAds,West,50,0,0.05,0
CUST0631,37,189269,2,173.36,41380.63,0,3,0.5652889599539821,2024-01-06,SocialMedia,East,2,1,0.29,2
CUST0632,65,61844,6,1225.88,1260.89,0,5,0.24869180947113512,2022-10-20,Email,East,15,1,0.21,0
CUST0633,42,84754,8,161.41,28676.14,0,4,0.4317168850266111,2022-07-03,Referral,East,37,0,0.22,1
CUST0634,39,185229,6,1792.86,17620.97,0,2,0.6340505083067194,2020-10-14,SocialMedia,East,15,1,0.13,0
CUST0635,30,97129,4,1083.13,16811.5,0,2,0.2569859378537811,2020-04-04,SocialMedia,West,60,0,0.03,1
CUST0636,36,60042,4,1355.23,32600.41,0,2,0.05218505779676108,2021-10-30,Direct,North,96,0,0.08,1
CUST0637,66,81665,4,1671.57,42722.74,0,2,0.010233856408757513,2020-02-10,SearchAds,North,85,2,0.08,3
CUST0638,53,136953,1,343.11,30850.57,0,5,0.022159535544521547,2020-11-26,SearchAds,East,64,2,0.15,4
CUST0639,29,178448,6,125.25,42805.48,0,1,0.008349737513769662,2023-03-24,Direct,North,81,0,0.14,4
CUST0640,58,165271,8,1763.82,13965.26,0,5,0.11035505655787547,2021-05-18,Referral,West,98,0,0.13,1
CUST0641,36,138533,7,664.12,26455.59,0,3,0.23948871457012988,2020-10-01,Email,North,96,0,0.15,3
CUST0642,29,93781,7,301.51,23076.29,0,5,0.22122151418229918,2020-06-27,Email,South,114,0,0.3,3
CUST0643,26,86262,6,963.5,1570.6,0,5,0.9867965941798967,2020-05-16,Referral,North,111,0,0.09,1
CUST0644,24,66600,6,1216.7,28283.8,0,3,0.3060061052089432,2022-02-05,Direct,East,52,0,0.18,0
CUST0645,45,96898,4,110.39,33414.69,0,5,0.1274207833593991,2022-09-14,SocialMedia,North,23,2,0.07,0
CUST0646,31,169369,3,586.05,30003.81,0,1,0.545562544167758,2023-04-18,SearchAds,North,99,0,0.14,1
CUST0647,48,50448,6,113.96,37077.72,0,4,0.8579574553975083,2023-04-20,SocialMedia,North,37,0,0.06,0
CUST0648,69,46172,3,869.65,28995.64,0,3,0.6780603767876752,2023-07-06,SearchAds,North,107,0,0.17,2
CUST0649,36,193946,10,1795.45,4270.76,0,2,0.2960820891354503,2020-08-30,SocialMedia,South,41,0,0.08,2
CUST0650,64,27657,5,1966.17,6705.83,0,1,0.561616159791455,2023-01-24,Direct,West,101,1,0.01,2
CUST0651,33,176497,6,1292.24,30227.25,1,4,0.7148559742004091,2020-07-15,Direct,East,57,0,0.24,3
CUST0652,22,177757,6,365.19,14473.98,1,1,0.7281044923677423,2021-06-09,Referral,East,97,0,0.04,2
CUST0653,52,132855,4,1816.41,4902.61,0,1,0.6665384552976888,2021-09-23,SocialMedia,North,25,3,0.11,1
CUST0654,29,175650,6,1056.68,22050.53,0,2,0.870810424775618,2023-11-11,SocialMedia,West,110,0,0.14,4
CUST0655,42,179903,5,349.81,28161.81,0,4,0.8701054583441044,2021-02-11,Referral,North,37,0,0.13,3
CUST0656,69,27906,3,1847.37,17108.55,0,1,0.5789365594070033,2023-07-16,Referral,South,40,1,0.22,0
CUST0657,38,81413,2,1527.06,36301.25,1,2,0.4298563691112123,2023-04-09,Direct,West,85,0,0.18,3
CUST0658,53,74028,3,1476.83,32544.76,1,3,0.6415702955650998,2021-11-21,Direct,West,46,0,0.09,2
CUST0659,40,27287,2,1432.9,17308.1,0,2,0.8182120013704631,2020-06-18,SocialMedia,West,60,1,0.02,1
CUST0660,33,53660,8,440.66,37988.75,0,5,0.005652104841184724,2020-06-07,Direct,West,112,1,0.23,1
CUST0661,56,80504,7,461.46,32786.06,0,2,0.9919970090148511,2021-03-22,Direct,North,102,0,0.11,2
CUST0662,62,122979,4,1392.17,32234.82,0,2,0.18289377232919923,2022-10-14,SocialMedia,South,104,2,0.27,2
CUST0663,59,54701,3,478.46,28117.96,1,2,0.4702489856599762,2023-01-10,Referral,West,98,0,0.12,5
CUST0664,56,103300,3,905.41,1558.09,1,1,0.8720297348428667,2022-12-16,SocialMedia,East,19,0,0.22,2
CUST0665,31,168746,6,1574.9,35128.85,0,4,0.22504039904419937,2020-04-21,Email,East,91,2,0.28,3
CUST0666,48,103560,5,1578.71,19426.05,0,2,0.4767952239003832,2020-02-17,SocialMedia,South,9,0,0.2,1
CUST0667,22,174946,1,933.86,47187.88,0,2,0.13258218018117918,2021-01-10,Email,East,69,3,0.12,4
CUST0668,52,63642,8,1594.77,41081.25,0,5,0.3950763253881926,2022-04-07,SocialMedia,North,5,0,0.17,3
CUST0669,40,85160,9,1685.31,29797.03,1,5,0.17713545479300252,2020-02-02,Email,North,89,2,0.16,3
CUST0670,46,37602,4,1326.81,13356.92,0,3,0.363627748771157,2021-05-18,Email,South,26,0,0.18,1
CUST0671,60,123320,7,495.43,10982.15,0,3,0.373464216792722,2021-09-18,SocialMedia,West,19,3,0.04,3
CUST0672,28,108801,3,584.32,17678.86,0,5,0.9931707895983327,2022-10-23,Direct,East,30,1,0.21,3
CUST0673,35,45931,7,663.94,24351.83,1,4,0.9948130293037722,2020-02-11,SearchAds,East,100,4,0.04,2
CUST0674,64,114377,5,277.77,15507.21,0,3,0.11478627866061242,2020-01-09,Direct,South,48,2,0.0,0
CUST0675,29,49192,6,582.66,26231.55,1,4,0.7259687793283472,2022-09-26,Email,South,112,0,0.19,1
CUST0676,26,66542,8,458.56,9103.15,1,5,0.051745479669101146,2022-03-29,SocialMedia,East,16,0,0.04,1
CUST0677,27,147015,2,937.89,48907.93,1,3,0.030192015337188627,2021-10-18,SocialMedia,West,71,1,0.23,1
CUST0678,61,62520,4,1821.45,6288.3,0,2,0.10533389424496431,2023-03-11,SocialMedia,South,18,2,0.26,0
CUST0679,34,84772,9,253.74,46665.26,0,5,0.965485657007934,2022-02-28,SocialMedia,North,56,0,0.28,0
CUST0680,55,70106,4,1454.52,45765.32,0,3,0.9408635478946974,2023-12-30,SearchAds,East,21,1,0.2,1
CUST0681,24,101121,4,1390.2,26742.66,0,4,0.19392782028068045,2022-11-16,Referral,South,31,0,0.14,0
CUST0682,63,45559,3,236.72,36520.6,0,4,0.16167233555371152,2022-12-02,Email,South,1,2,0.11,1
CUST0683,30,125595,4,1849.02,22366.37,0,3,0.24053508651594702,2023-02-28,SearchAds,South,3,1,0.15,3
CUST0684,57,53742,4,1158.52,31871.69,0,4,0.5155469940751422,2023-05-24,Direct,East,95,1,0.06,5
CUST0685,59,89669,6,759.26,17688.22,1,3,0.5697046320354099,2021-08-20,Referral,North,25,0,0.1,4
CUST0686,26,172826,7,1525.25,15756.79,0,3,0.22159343043944735,2023-09-30,Referral,North,117,2,0.22,2
CUST0687,67,155044,3,551.86,29333.26,0,4,0.7566227880899452,2023-12-07,SocialMedia,East,8,0,0.07,2
CUST0688,44,90831,6,1402.34,25408.35,0,1,0.30955316940265076,2022-07-24,SearchAds,South,65,0,0.08,2
CUST0689,19,132217,8,127.44,29397.28,0,2,0.9221313255294104,2023-06-23,Direct,East,62,0,0.22,4
CUST0690,22,61873,7,1686.85,15046.37,1,5,0.6567227064567306,2024-01-12,SocialMedia,East,7,1,0.05,3
CUST0691,46,126532,3,923.93,18980.93,0,2,0.4363511943036117,2022-10-08,SocialMedia,South,7,2,0.07,2
CUST0692,54,146267,4,1291.55,5111.0,1,5,0.7899120017028454,2020-01-21,Email,East,8,2,0.01,3
CUST0693,55,160975,6,481.41,3561.54,0,5,0.8179146260466648,2022-09-25,Referral,West,19,0,0.22,2
CUST0694,36,154092,8,1370.29,13419.4,0,2,0.29048160560894365,2023-12-02,Direct,North,17,0,0.19,2
CUST0695,25,61755,3,1555.87,4638.1,0,3,0.33971454383608435,2021-04-01,Referral,West,11,0,0.21,3
CUST0696,65,105956,4,972.77,6084.96,0,4,0.9359551537286034,2024-01-07,SearchAds,West,111,1,0.06,2
CUST0697,62,106988,3,1254.57,40833.49,0,1,0.16474103836327192,2022-10-10,Email,West,105,1,0.21,2
CUST0698,18,65648,8,939.84,2904.81,0,1,0.0421504169629342,2020-09-21,SocialMedia,East,49,0,0.18,1
CUST0699,39,145991,1,1793.48,33288.2,0,1,0.4540553226095492,2020-07-02,Email,South,11,1,0.11,1
CUST0700,69,160588,3,1020.84,14355.33,0,2,0.8012099002436289,2020-08-14,SocialMedia,East,102,3,0.13,2
CUST0701,34,135005,7,1691.53,43705.74,0,2,0.7716681063107458,2023-06-23,Email,North,41,1,0.17,0
CUST0702,24,22396,5,1612.64,24764.62,1,3,0.9195306289128325,2023-01-01,SocialMedia,East,62,1,0.15,0
CUST0703,42,104082,9,850.48,15973.25,0,1,0.5332006643690402,2023-03-19,Referral,East,114,0,0.19,1
CUST0704,62,170201,5,498.66,26364.31,0,3,0.10006467156653331,2022-12-28,Referral,East,52,1,0.05,2
CUST0705,21,148322,4,841.86,19715.94,0,1,0.5886889743360161,2022-08-26,Referral,East,66,1,0.16,0
CUST0706,53,152663,5,1661.12,28650.75,1,2,0.7783956143532116,2022-03-15,Referral,West,68,2,0.14,3
CUST0707,23,31303,7,493.88,6612.11,1,4,0.0933281202698264,2023-06-07,Email,South,114,1,0.14,1
CUST0708,48,181633,3,1072.65,49852.53,0,4,0.17265740109758976,2021-12-23,SocialMedia,North,92,1,0.14,2
CUST0709,36,91719,6,1621.89,21852.24,0,4,0.012290661155670901,2022-12-31,Referral,North,97,1,0.26,1
CUST0710,61,119616,7,739.28,18063.3,0,4,0.5936525794468104,2022-09-28,Email,North,75,0,0.25,1
CUST0711,56,144165,4,1302.31,35800.28,1,5,0.8867343919459044,2022-05-24,SocialMedia,East,67,0,0.19,1
CUST0712,44,106231,4,528.98,18831.07,1,1,0.6706633160020995,2023-11-21,Email,North,40,2,0.21,0
CUST0713,27,27314,4,263.09,41830.44,1,4,0.982040087590982,2020-03-24,Referral,West,5,1,0.01,2
CUST0714,43,39623,3,1599.05,23259.27,0,5,0.06303365249976156,2022-01-09,SearchAds,South,116,2,0.22,2
CUST0715,36,125228,4,242.99,36258.36,0,5,0.9030010851514962,2023-08-15,Email,East,85,0,0.15,2
CUST0716,56,184202,2,579.19,6265.21,1,5,0.8140682873866807,2023-08-09,Referral,East,22,0,0.1,4
CUST0717,20,117624,7,1717.46,42459.84,0,3,0.31424152049950493,2020-08-10,Direct,West,118,2,0.04,1
CUST0718,62,177364,6,725.62,37050.18,0,3,0.9735265518372518,2022-03-03,SocialMedia,North,37,0,0.02,4
CUST0719,30,131785,7,1947.44,11374.12,0,5,0.28793774817141504,2022-01-02,Referral,East,11,1,0.01,1
CUST0720,67,106206,5,1960.48,8119.01,1,4,0.8893047238282185,2023-05-24,Direct,East,44,4,0.05,4
CUST0721,45,89274,4,573.14,16498.33,0,1,0.8807485770741894,2023-06-08,Email,West,86,0,0.01,1
CUST0722,37,153541,5,129.91,48827.46,0,2,0.7576576166029725,2021-02-08,Email,West,105,1,0.22,1
CUST0723,45,73947,4,1424.87,13584.75,0,3,0.5634704738128519,2023-04-07,Direct,North,53,0,0.07,2
CUST0724,25,173606,7,929.42,23350.23,0,4,0.12000274961688806,2020-11-24,Direct,South,77,0,0.11,3
CUST0725,58,68874,5,246.47,2470.99,0,4,0.5319717344964983,2021-03-01,SocialMedia,South,118,1,0.25,0
CUST0726,56,69708,6,1429.67,20464.15,0,2,0.35679625565493456,2022-02-08,Email,North,116,1,0.03,1
CUST0727,18,94553,5,110.79,28994.68,0,2,0.7922170331553517,2023-05-04,Direct,South,61,1,0.25,2
CUST0728,20,88344,2,1746.88,47703.11,0,4,0.7581292064968449,2021-08-30,SearchAds,West,67,1,0.19,1
CUST0729,30,69138,4,320.37,26320.07,1,2,0.9106125073726052,2021-06-09,SearchAds,West,13,3,0.1,2
CUST0730,45,67638,4,298.26,41136.26,1,4,0.014830162431707872,2021-09-16,Direct,West,92,1,0.04,1
CUST0731,66,98249,6,392.56,27809.25,0,2,0.8091032168230461,2020-03-17,SocialMedia,South,118,1,0.03,3
CUST0732,42,125865,11,1922.52,2998.47,1,2,0.9384620531246688,2023-07-24,Email,South,11,1,0.1,2
CUST0733,50,22719,6,1401.68,16435.41,0,4,0.7893004491081501,2022-07-08,SearchAds,East,11,1,0.04,1
CUST0734,55,173962,8,1612.67,29201.93,0,5,0.1301944598703667,2022-08-03,Direct,East,85,0,0.08,4
CUST0735,23,187581,5,825.39,47579.1,0,4,0.08127910484088774,2021-04-10,Direct,East,116,2,0.02,0
CUST0736,61,62534,3,705.81,43097.39,0,1,0.02084523980770081,2024-01-11,Referral,South,85,1,0.18,1
CUST0737,62,112241,5,507.24,12189.43,0,2,0.628745225828071,2023-09-05,Direct,East,7,2,0.04,3
CUST0738,49,169859,1,987.26,11785.38,0,3,0.6296726518598873,2023-03-29,SocialMedia,West,17,1,0.23,2
CUST0739,62,146209,8,1126.07,10857.48,0,2,0.9869137142182123,2021-05-06,SearchAds,South,48,0,0.07,3
CUST0740,64,199917,6,1281.96,46202.45,0,1,0.39804317410409573,2020-11-08,Referral,North,14,1,0.24,2
CUST0741,38,112124,4,551.38,42780.64,0,3,0.33190628489749674,2023-03-30,SearchAds,South,63,2,0.06,0
CUST0742,33,111659,7,1899.88,38969.29,0,3,0.6244249271843925,2020-11-03,SearchAds,East,64,1,0.22,1
CUST0743,38,184134,1,381.03,20244.02,0,4,0.825608672507594,2023-03-15,SocialMedia,South,97,0,0.1,2
CUST0744,28,95713,7,1933.02,25714.65,0,5,0.9367739495230019,2023-11-20,Direct,East,75,2,0.17,1
CUST0745,54,95418,3,78.97,23752.26,0,4,0.8031241661790386,2021-11-21,SocialMedia,East,77,0,0.01,5
CUST0746,53,148232,9,988.2,13416.51,0,3,0.42667398061580475,2020-03-29,Direct,North,65,1,0.15,0
CUST0747,52,185904,4,700.07,25746.37,0,3,0.6349142353120641,2022-01-04,Referral,North,34,0,0.04,0
CUST0748,36,183038,2,925.79,2494.33,0,5,0.856299326716117,2022-02-16,SocialMedia,West,9,2,0.15,4
CUST0749,37,164059,4,1162.8,7458.71,1,2,0.49060968831173946,2022-01-20,SocialMedia,East,77,2,0.04,1
CUST0750,35,188383,6,899.4,44442.89,1,5,0.2166866437053927,2023-08-24,Email,South,37,0,0.13,0
CUST0751,64,51575,2,858.95,37832.31,1,4,0.16972343974787296,2021-01-05,SocialMedia,North,30,2,0.03,4
CUST0752,58,83852,1,1478.81,21720.55,0,2,0.0001577445780567288,2021-03-26,Email,North,41,1,0.07,1
CUST0753,66,152079,7,1387.46,26340.37,0,4,0.7182379949812843,2020-06-15,Direct,East,45,1,0.18,3
CUST0754,31,96242,7,1674.88,19129.95,1,5,0.1110972088459905,2021-01-26,Direct,South,101,1,0.29,2
CUST0755,32,198589,6,537.42,37298.21,0,2,0.24383909969594042,2022-01-05,Direct,North,47,0,0.13,1
CUST0756,48,49257,8,1238.58,39425.17,0,5,0.29787633152279336,2021-05-05,Email,North,7,0,0.21,3
CUST0757,18,193279,7,1191.13,38400.97,0,1,0.5603798601367683,2022-07-13,Direct,South,14,0,0.16,0
CUST0758,20,164353,5,770.99,36407.97,0,3,0.39795727729576924,2023-03-19,SearchAds,North,48,2,0.15,2
CUST0759,33,81246,6,997.81,11020.71,1,2,0.6746739920231618,2024-01-31,SocialMedia,South,6,1,0.02,1
CUST0760,40,21435,6,661.88,17560.53,0,3,0.05563865932870271,2022-12-02,Email,East,34,1,0.04,4
CUST0761,28,111357,7,326.6,24022.43,0,1,0.12393919426443945,2022-08-02,Direct,North,80,0,0.26,1
CUST0762,29,177732,6,466.91,17208.86,0,2,0.4992115035332667,2020-01-29,SearchAds,East,115,0,0.12,2
CUST0763,27,156156,3,255.75,37992.07,0,3,0.3369647878468298,2022-11-20,SocialMedia,South,101,2,0.18,1
CUST0764,49,164579,3,1381.99,17138.32,0,3,0.2958133627513597,2021-11-23,SocialMedia,East,100,2,0.16,1
CUST0765,33,103807,1,1338.42,7773.37,0,2,0.06702807903752273,2020-05-07,Direct,East,46,0,0.11,2
CUST0766,25,196611,5,1903.68,20552.98,0,3,0.8957191747480014,2022-02-05,SearchAds,East,59,1,0.12,1
CUST0767,55,135953,3,1472.87,49015.81,0,3,0.6918185861250508,2023-08-10,Email,West,70,3,0.17,1
CUST0768,29,158563,9,151.49,12068.19,0,2,0.12161815681964938,2021-03-16,Direct,South,8,0,0.04,4
CUST0769,41,143797,8,1774.28,30995.77,0,3,0.06504595773714061,2022-05-18,SocialMedia,South,24,1,0.12,2
CUST0770,45,83888,4,1732.22,22215.68,0,3,0.974872533431243,2023-11-12,SocialMedia,South,67,0,0.13,1
CUST0771,25,93609,2,914.47,4480.2,0,4,0.6811725504395049,2021-06-07,SocialMedia,South,4,0,0.3,4
CUST0772,45,29077,3,1192.43,24905.95,0,4,0.4174560710937415,2022-01-29,Direct,South,96,0,0.11,2
CUST0773,53,40953,2,1953.35,35406.05,1,1,0.7017310407557849,2020-04-19,Referral,North,1,4,0.19,2
CUST0774,43,134682,4,1087.99,26147.78,1,4,0.7563317864801591,2023-09-13,Referral,North,34,0,0.04,0
CUST0775,25,87889,4,1815.38,43733.2,0,4,0.7799622023887793,2023-11-29,Referral,North,109,0,0.02,2
CUST0776,67,174893,5,211.93,15157.91,0,1,0.47787730565305764,2023-06-22,SearchAds,East,9,2,0.26,1
CUST0777,45,188639,8,422.55,5226.21,0,3,0.429882758124848,2020-06-11,Direct,East,63,0,0.22,2
CUST0778,45,135374,6,909.47,46891.71,0,3,0.01102808426890034,2021-07-13,SocialMedia,South,76,1,0.1,4
CUST0779,54,44860,3,1190.28,19531.62,0,4,0.926557115141838,2021-02-02,SearchAds,West,10,1,0.15,2
CUST0780,58,172267,5,1641.64,29243.87,1,1,0.6033078783889431,2021-08-05,Referral,South,10,0,0.04,0
CUST0781,53,97475,6,1977.11,39808.15,0,3,0.2031539371899681,2021-02-02,Email,North,50,1,0.21,0
CUST0782,44,107266,3,808.26,16891.37,1,5,0.9196034194214366,2020-08-26,SearchAds,South,44,1,0.02,3
CUST0783,34,172499,8,142.46,36092.06,0,2,0.9149319017702964,2024-01-28,SearchAds,East,118,1,0.23,0
CUST0784,26,120732,8,1612.28,7635.52,0,2,0.9891841643660959,2022-11-21,Direct,South,48,0,0.16,2
CUST0785,50,47083,5,1228.54,15273.39,0,2,0.8740565631389788,2023-02-20,SearchAds,North,87,1,0.08,2
CUST0786,37,77372,4,437.16,8090.82,0,4,0.9977843878200647,2020-04-19,Direct,South,6,2,0.26,3
CUST0787,30,143786,2,1014.92,40750.3,0,2,0.24468618812327259,2023-07-18,Email,East,88,1,0.3,1
CUST0788,45,195136,6,1497.5,11909.81,0,2,0.8422495851992341,2023-11-04,SocialMedia,West,24,0,0.08,2
CUST0789,65,27813,5,1552.3,36152.77,0,5,0.8230283087957645,2020-10-26,SocialMedia,North,85,1,0.24,5
CUST0790,46,51598,6,1024.26,47221.62,0,3,0.23094035922073375,2022-09-28,Referral,South,106,1,0.23,2
CUST0791,30,113106,7,645.17,26860.84,0,5,0.09843754900099078,2022-02-02,Referral,East,95,2,0.22,1
CUST0792,63,47082,3,1948.8,27461.43,0,4,0.9794205136775996,2020-09-05,Email,North,111,2,0.29,0
CUST0793,52,49241,9,1343.56,23590.64,0,2,0.29602455152061036,2021-06-04,SocialMedia,North,58,1,0.15,2
CUST0794,23,195641,2,846.06,16968.62,0,3,0.8708917904678061,2020-02-03,Referral,East,105,0,0.2,0
CUST0795,35,31745,0,596.9,24307.1,0,2,0.0041271546746038945,2020-08-15,SearchAds,South,64,4,0.25,3
CUST0796,68,46029,6,1475.65,30537.57,0,2,0.021024807219602204,2021-08-07,Direct,South,94,0,0.14,0
CUST0797,22,164097,4,522.26,49313.59,0,4,0.4658713086963684,2023-11-23,Referral,South,56,3,0.14,4
CUST0798,64,143395,6,384.83,46950.46,0,2,0.23871468393506357,2022-08-15,Email,North,98,0,0.1,2
CUST0799,42,165360,4,1083.18,43245.49,0,1,0.6898412834359643,2022-03-23,SocialMedia,West,82,1,0.23,0
CUST0800,19,109186,5,615.48,44567.4,0,3,0.5655643255679543,2021-12-24,Email,North,12,1,0.21,3
CUST0801,27,157612,2,1276.37,23924.61,0,3,0.07748579745049144,2021-08-06,Direct,South,35,1,0.14,1
CUST0802,47,117768,5,279.98,33214.77,1,1,0.16262829631571707,2021-07-23,Direct,North,71,0,0.13,5
CUST0803,67,61846,4,1327.14,44858.27,0,4,0.3880492700584143,2020-08-07,Email,West,105,1,0.02,1
CUST0804,62,95932,3,602.43,20254.59,0,2,0.18560406395543316,2023-10-26,Referral,North,104,0,0.0,1
CUST0805,22,168554,5,50.47,48126.36,1,2,0.7922223472439286,2022-02-25,Referral,East,89,0,0.16,2
CUST0806,50,43411,3,297.53,21373.52,0,3,0.41607023555328004,2021-06-11,SocialMedia,South,6,1,0.13,1
CUST0807,18,98797,3,1870.55,30453.05,1,4,0.09343186684249927,2020-03-15,SocialMedia,South,65,2,0.24,2
CUST0808,35,72307,4,1741.34,35780.43,0,4,0.48434290227212484,2020-05-15,SearchAds,South,110,1,0.16,2
CUST0809,49,154165,8,505.54,47579.01,0,4,0.09083818106141417,2020-03-14,SearchAds,North,80,1,0.28,2
CUST0810,64,42042,5,1567.83,12986.2,1,2,0.12893730541981718,2020-09-10,SocialMedia,North,60,0,0.06,2
CUST0811,66,72930,4,1236.71,37560.42,0,4,0.2396098320282053,2022-11-07,SearchAds,North,112,2,0.3,2
CUST0812,28,195485,4,1943.26,26519.96,0,1,0.8595277052474898,2022-10-18,Email,South,68,2,0.09,9
CUST0813,38,117883,4,778.53,14159.3,0,5,0.9246125323329719,2022-12-02,Referral,North,29,1,0.19,2
CUST0814,43,53756,4,1378.85,39053.74,0,4,0.8262577293320691,2020-02-19,SearchAds,South,38,2,0.15,1
CUST0815,42,73268,7,173.89,28058.89,0,5,0.33407721741784724,2021-05-29,SearchAds,North,111,3,0.11,3
CUST0816,39,190286,8,822.68,33387.72,0,2,0.27244644110883165,2022-01-13,Email,South,92,2,0.04,0
CUST0817,44,179674,7,1929.44,16822.15,0,4,0.5491556907902392,2021-12-31,Direct,East,22,3,0.04,3
CUST0818,66,68901,3,1101.01,24582.42,0,3,0.7218531605331123,2021-07-24,SocialMedia,North,8,3,0.21,2
CUST0819,30,119986,6,611.37,31250.36,0,2,0.9933727881601748,2021-07-29,Email,South,63,1,0.11,1
CUST0820,50,183268,6,284.53,20840.63,0,1,0.13157071187892622,2023-08-19,Direct,East,96,0,0.29,2
CUST0821,51,148386,4,1421.88,10720.25,0,1,0.049291999023804434,2023-03-11,Email,East,97,2,0.1,3
CUST0822,58,25626,6,1307.47,48120.38,1,5,0.694355888995271,2022-06-21,Referral,West,13,1,0.3,1
CUST0823,52,158496,9,779.18,26061.91,0,5,0.8322257835039055,2020-07-20,Email,North,27,0,0.06,1
CUST0824,18,32857,6,1904.34,36962.1,0,3,0.8463487798664232,2020-07-25,Email,South,18,0,0.03,3
CUST0825,38,171054,4,93.3,21141.31,0,3,0.6784635490771607,2021-02-18,Referral,West,18,1,0.09,1
CUST0826,65,153052,6,642.26,18401.46,0,1,0.9540158041191871,2020-08-08,SocialMedia,North,77,0,0.27,1
CUST0827,23,199362,7,1846.09,20951.05,0,4,0.5110047635445869,2023-10-17,Direct,East,86,1,0.16,2
CUST0828,45,46431,4,675.82,21050.64,1,1,0.9138147983362125,2022-01-27,SearchAds,North,62,3,0.04,4
CUST0829,34,104976,3,541.89,27664.83,0,1,0.967812136991523,2023-01-09,SocialMedia,South,14,1,0.06,5
CUST0830,22,102711,4,1091.73,27630.02,1,3,0.8471574570031077,2022-02-01,Email,East,11,0,0.09,0
CUST0831,48,46385,5,1656.41,25360.54,0,5,0.3097585632586206,2021-07-16,SearchAds,West,103,0,0.18,2
CUST0832,22,189230,3,251.14,7604.5,0,3,0.19621565117029527,2023-08-01,Referral,North,114,1,0.1,1
CUST0833,55,174091,5,1888.89,25307.7,0,3,0.5481200649818184,2021-01-03,SocialMedia,North,117,2,0.22,5
CUST0834,20,38639,3,1600.39,9286.09,0,3,0.45301475038018846,2022-06-14,Direct,West,86,0,0.18,3
CUST0835,40,105530,5,403.44,7180.65,0,1,0.877758342192733,2023-10-01,SocialMedia,North,100,1,0.26,4
CUST0836,54,41563,5,1438.42,46699.64,0,4,0.10003167106715372,2020-07-22,SocialMedia,North,17,1,0.15,3
CUST0837,54,190413,5,800.67,30642.55,0,1,0.2577400613115186,2022-11-14,SearchAds,North,51,2,0.1,8
CUST0838,27,135672,6,834.47,33315.01,1,2,0.7517989445187085,2022-08-14,Referral,East,96,0,0.3,2
CUST0839,27,156848,6,1577.42,20687.89,1,3,0.09498664497731213,2020-03-09,Referral,East,14,2,0.11,3
CUST0840,36,187516,6,1927.43,45540.06,0,3,0.3207644140217002,2021-05-30,SocialMedia,South,106,1,0.13,2
CUST0841,34,159783,5,296.98,32258.59,0,2,0.38715539405398314,2020-08-27,Referral,North,57,2,0.24,6
CUST0842,38,102970,7,870.23,38689.32,0,3,0.62259379656269,2020-12-26,SearchAds,South,93,0,0.03,2
CUST0843,31,105553,3,987.84,19059.56,0,3,0.15813264571936458,2024-01-04,SearchAds,East,6,0,0.12,2
CUST0844,26,181779,5,783.81,48040.58,1,3,0.8606044903497095,2022-11-20,Direct,North,114,1,0.03,1
CUST0845,63,190182,7,758.22,41202.6,0,2,0.44754223546627425,2021-12-07,Referral,South,57,0,0.04,3
CUST0846,18,102879,2,151.92,42843.47,0,1,0.9170217118805565,2021-11-20,Direct,North,4,2,0.0,2
CUST0847,68,189899,8,1386.8,9437.52,0,3,0.4678699136339316,2021-10-18,Email,North,11,0,0.0,2
CUST0848,62,156727,4,900.62,14277.2,0,4,0.27504025894073336,2023-09-07,SearchAds,West,109,0,0.11,3
CUST0849,30,64859,2,429.85,14995.7,0,2,0.14182882868767488,2020-12-09,SocialMedia,South,104,1,0.24,3
CUST0850,21,72098,5,1641.27,14274.55,0,5,0.003745094711284813,2021-06-19,SearchAds,East,74,2,0.18,3
CUST0851,18,166323,5,1614.99,42915.0,0,2,0.5321574849848356,2020-12-20,Email,South,119,0,0.19,1
CUST0852,66,142413,4,998.46,2562.35,0,1,0.10715669692692342,2024-02-03,SocialMedia,South,92,2,0.16,3
CUST0853,57,20526,6,631.98,4728.9,0,2,0.3917277636311782,2022-07-16,Referral,South,11,0,0.25,6
CUST0854,49,88760,8,1294.28,14421.83,0,5,0.5892717612370867,2022-09-09,Referral,West,99,2,0.26,3
CUST0855,51,67837,4,611.9,10793.78,0,4,0.2756858969027003,2020-04-14,SearchAds,North,79,0,0.25,1
CUST0856,45,31536,3,510.22,12361.12,0,5,0.17522429236611525,2023-09-07,SocialMedia,East,8,2,0.24,1
CUST0857,48,48541,6,1474.5,40099.22,0,2,0.7747216226093416,2022-08-19,SocialMedia,West,84,1,0.05,2
CUST0858,25,99083,4,128.63,28593.2,0,5,0.9467911722816206,2021-06-10,Direct,East,114,0,0.18,1
CUST0859,56,54531,2,234.8,1282.76,0,2,0.100440417861966,2021-05-18,Email,West,59,0,0.17,1
CUST0860,43,28712,3,63.24,22036.82,0,4,0.15559032438500786,2023-01-13,Referral,North,21,0,0.16,0
CUST0861,51,124101,1,348.24,20986.36,0,4,0.9600126572527187,2022-07-19,SearchAds,East,65,1,0.14,1
CUST0862,20,85455,9,184.53,6583.32,0,1,0.03778422181224628,2021-12-09,SocialMedia,South,93,0,0.03,3
CUST0863,67,94744,5,1991.81,34130.95,0,4,0.9776323365504722,2020-08-22,Referral,West,24,1,0.03,2
CUST0864,29,149749,3,613.18,35402.76,0,3,0.004644483084988771,2023-07-10,SearchAds,East,30,2,0.27,3
CUST0865,18,25109,4,341.07,36323.77,0,5,0.8736686556513313,2022-10-26,Referral,North,104,1,0.19,3
CUST0866,61,69268,3,519.94,36695.08,1,5,0.3073251809877495,2021-05-08,SearchAds,East,99,1,0.08,2
CUST0867,22,74615,4,1875.44,1002.59,1,2,0.9385888581772965,2023-08-05,Referral,West,97,2,0.08,1
CUST0868,47,102503,6,1064.31,47742.12,0,4,0.31694528863558546,2022-05-27,Direct,North,84,0,0.18,1
CUST0869,47,180831,4,761.4,40896.23,0,1,0.654306321534056,2023-10-05,Email,South,57,0,0.12,2
CUST0870,34,105708,2,1753.11,45295.1,0,1,0.08003256976593665,2023-05-08,Referral,West,80,2,0.13,0
CUST0871,65,122471,6,820.23,1766.52,0,1,0.242329811453739,2022-08-24,Email,West,73,2,0.02,2
CUST0872,64,177661,3,703.27,46759.08,0,3,0.7736793464792507,2022-08-23,Referral,North,95,0,0.04,3
CUST0873,40,181087,6,454.2,40679.64,1,4,0.5286858536788197,2022-08-21,SocialMedia,West,17,1,0.12,3
CUST0874,32,180081,2,786.7,42023.74,0,1,0.9279690617870447,2022-06-15,Direct,East,59,2,0.21,5
CUST0875,54,103309,8,667.53,5571.08,1,3,0.4287514083413543,2023-09-20,Direct,South,31,1,0.01,2
CUST0876,38,146446,3,1370.74,37200.12,0,5,0.8698123658139231,2020-08-04,Email,East,64,0,0.1,2
CUST0877,31,126661,6,614.69,48035.92,0,2,0.4489554374782375,2021-09-14,SocialMedia,North,48,0,0.21,1
CUST0878,19,177215,4,1175.54,34248.82,0,4,0.9792482787019853,2020-12-18,SearchAds,West,23,2,0.24,1
CUST0879,28,26154,5,178.49,28957.51,0,4,0.9598343813988768,2021-11-22,Direct,South,70,0,0.06,0
CUST0880,68,172876,6,423.01,47335.85,0,5,0.3291367055560803,2021-11-05,SocialMedia,North,30,1,0.22,3
CUST0881,56,192760,1,844.44,22703.92,0,4,0.8859236704168032,2021-09-22,SocialMedia,East,55,0,0.29,5
CUST0882,55,84288,5,1877.05,30365.38,0,4,0.8476113742156492,2020-11-20,Email,West,7,0,0.27,0
CUST0883,51,71195,7,785.64,24340.58,0,4,0.21068039732756283,2022-06-19,SocialMedia,West,112,1,0.24,4
CUST0884,55,40581,6,1344.94,46709.46,0,4,0.6242904007832697,2023-06-05,SocialMedia,North,104,1,0.21,3
CUST0885,67,50087,6,547.42,4728.15,0,3,0.07268231558981486,2023-03-14,SearchAds,East,106,2,0.07,1
CUST0886,51,184053,7,297.72,25554.87,0,3,0.8367107205834616,2020-11-03,Email,West,110,2,0.19,0
CUST0887,35,89298,4,164.15,34660.67,0,2,0.17454588350349654,2021-10-15,Email,East,75,1,0.19,5
CUST0888,47,66167,3,645.56,39803.42,0,4,0.07081470138576451,2020-10-11,SocialMedia,South,98,1,0.12,4
CUST0889,32,194480,8,357.44,29567.91,0,5,0.4002190955388112,2021-01-26,SearchAds,West,12,0,0.15,2
CUST0890,44,59499,4,389.32,45536.97,1,1,0.5769221385996435,2020-12-25,Referral,South,60,2,0.21,3
CUST0891,68,145816,5,1533.48,47157.58,0,2,0.854916958559771,2022-02-07,Direct,West,116,2,0.29,2
CUST0892,51,189631,5,80.88,4151.64,0,1,0.9742425255217365,2022-03-07,Email,North,52,1,0.09,3
CUST0893,69,116347,3,1137.73,20716.16,0,1,0.43949251256986366,2022-07-20,SearchAds,West,109,3,0.07,2
CUST0894,55,68787,9,789.95,2149.49,1,4,0.06044692298527021,2020-06-13,SearchAds,West,111,0,0.18,2
CUST0895,50,55488,8,1037.77,17141.42,0,5,0.7491155790258707,2022-01-02,SocialMedia,East,27,0,0.04,3
CUST0896,41,94441,6,1147.52,27306.54,0,1,0.5651732562239374,2021-08-03,Direct,East,12,2,0.17,2
CUST0897,32,42431,3,661.07,45628.95,0,1,0.44789134484446314,2022-03-31,Email,South,13,0,0.03,1
CUST0898,47,81681,5,625.46,42481.16,0,2,0.30926887879218967,2023-06-01,Referral,South,72,0,0.15,2
CUST0899,59,142720,5,1480.13,7247.49,0,5,0.5023985278435357,2020-05-03,SocialMedia,South,80,1,0.19,1
CUST0900,68,69153,5,1748.99,5558.49,0,5,0.33867960445703094,2020-12-09,Email,West,62,0,0.02,1
CUST0901,34,26368,3,425.53,29874.1,0,1,0.7570118677473603,2021-06-07,Email,West,29,1,0.06,1
CUST0902,22,178496,7,240.36,27073.78,1,5,0.5438936964926411,2022-12-11,SearchAds,South,35,1,0.1,2
CUST0903,46,132360,3,1800.7,14052.5,0,2,0.876847774154112,2020-05-08,Direct,North,60,1,0.11,2
CUST0904,21,196076,0,732.3,45073.2,0,2,0.5435439146494421,2023-03-04,Referral,North,29,2,0.2,1
CUST0905,27,132755,6,1125.07,46440.95,0,2,0.23826241333993003,2021-10-18,Direct,West,31,0,0.16,2
CUST0906,34,76985,6,751.11,20727.96,0,4,0.8510918822321445,2023-02-24,SearchAds,North,77,0,0.11,3
CUST0907,27,70069,4,295.31,44624.83,0,1,0.5572190449300439,2022-01-07,Referral,North,76,2,0.14,3
CUST0908,34,72326,5,1199.2,19813.5,0,5,0.20684103814356125,2022-07-27,Referral,South,115,0,0.0,0
CUST0909,37,128737,9,1074.02,37104.02,0,2,0.6235078099562221,2020-03-11,SocialMedia,North,61,3,0.23,2
CUST0910,41,174470,5,445.84,24321.17,0,1,0.35771676494242755,2020-09-29,Referral,North,2,2,0.01,0
CUST0911,22,70861,4,931.14,7006.57,0,1,0.8444056122920658,2023-04-25,Email,West,33,0,0.25,2
CUST0912,51,95897,3,1604.05,46468.78,1,4,0.4532997386465428,2022-10-23,Direct,West,72,1,0.16,1
CUST0913,23,147118,6,1201.33,23250.73,0,5,0.7264413581074167,2023-08-01,Direct,West,62,0,0.16,1
CUST0914,19,88577,2,238.99,36989.86,0,5,0.09553620763623716,2020-01-22,SocialMedia,North,105,3,0.21,2
CUST0915,30,29078,6,1118.64,18991.52,0,2,0.3960243463023462,2020-06-14,Referral,South,59,1,0.26,0
CUST0916,60,176075,6,1420.34,1925.16,0,2,0.9832414364723987,2023-08-26,SearchAds,East,40,1,0.28,1
CUST0917,60,82768,6,1595.77,5925.99,0,1,0.8084602894771483,2022-05-24,Email,West,117,0,0.16,3
CUST0918,65,71047,5,1276.78,25314.75,1,5,0.15994080236692865,2021-05-12,SocialMedia,West,49,1,0.05,2
CUST0919,28,91626,3,347.68,34808.25,0,5,0.2777640494772551,2021-03-09,Referral,West,105,0,0.26,3
CUST0920,68,77660,4,1434.84,17402.03,0,2,0.3298158088563611,2022-01-27,SearchAds,South,32,1,0.01,2
CUST0921,64,152997,4,1370.82,35078.93,0,3,0.6503655604954457,2020-08-21,Referral,East,38,0,0.24,3
CUST0922,40,137832,5,97.63,35233.14,0,1,0.7569947594896556,2022-04-16,SocialMedia,East,92,2,0.2,1
CUST0923,33,150406,4,852.91,35492.86,0,5,0.7495266088079098,2021-10-24,SearchAds,West,79,2,0.27,0
CUST0924,48,145150,4,699.25,25133.57,0,4,0.5098740563064028,2021-12-25,SearchAds,North,87,1,0.27,2
CUST0925,28,177087,5,1355.35,45829.42,1,4,0.8108205378381512,2021-01-10,SearchAds,West,88,1,0.02,2
CUST0926,33,53320,5,471.46,24970.63,0,3,0.43707808275747506,2021-12-30,SearchAds,West,13,2,0.18,2
CUST0927,25,84881,5,1202.2,23062.99,0,2,0.1238805652955619,2023-06-23,Referral,North,85,0,0.04,2
CUST0928,21,110827,7,1830.75,10769.66,1,2,0.5644418416538133,2020-10-29,SearchAds,North,54,3,0.02,3
CUST0929,57,122215,3,1605.71,16075.1,0,2,0.9523013846011067,2021-02-08,Referral,West,76,0,0.13,3
CUST0930,21,177361,2,1846.84,3074.39,0,4,0.7929936513925113,2021-12-08,SearchAds,South,13,1,0.03,3
CUST0931,42,154461,4,1958.09,32043.23,0,2,0.5787006476922424,2022-07-05,SearchAds,South,39,0,0.22,2
CUST0932,20,176755,4,70.81,13178.25,0,4,0.6468056603490969,2020-01-21,SocialMedia,North,23,1,0.29,2
CUST0933,49,164701,6,1264.35,15903.61,0,3,0.9305620270355727,2020-09-13,Referral,West,114,1,0.17,2
CUST0934,20,81550,3,855.04,38769.91,1,1,0.4283427944349605,2021-02-02,Referral,South,110,1,0.07,1
CUST0935,44,44826,5,1726.72,17033.84,0,5,0.33139413894263736,2020-02-20,Direct,West,107,1,0.25,2
CUST0936,46,120734,5,541.04,12867.6,0,3,0.977241565000449,2021-03-22,SocialMedia,West,92,0,0.26,1
CUST0937,49,177702,5,1963.01,9283.83,0,4,0.8634431335103334,2023-07-17,Referral,West,14,0,0.22,2
CUST0938,67,197235,5,1246.73,38968.06,1,3,0.3230435846186024,2022-04-06,SocialMedia,South,17,0,0.18,1
CUST0939,68,118511,3,1597.4,7355.61,0,5,0.4637805973609228,2021-08-17,SocialMedia,East,24,2,0.26,4
CUST0940,36,31653,10,216.92,23233.93,0,1,0.41507812900779906,2022-03-28,SocialMedia,West,117,4,0.05,3
CUST0941,38,179033,5,407.74,25839.58,0,5,0.14909567867143392,2021-09-27,Email,South,58,3,0.28,5
CUST0942,22,101941,4,1528.89,34682.11,0,4,0.9578193238132591,2023-07-09,Referral,East,63,0,0.28,2
CUST0943,35,53662,4,92.87,32030.89,1,5,0.4043124312197588,2023-10-20,SocialMedia,North,34,2,0.26,4
CUST0944,45,118818,7,1642.91,40725.31,1,3,0.875329082637908,2022-12-08,Email,South,51,1,0.08,3
CUST0945,59,172360,3,77.2,3192.82,0,2,0.18935622768066507,2023-02-15,Email,East,112,0,0.26,2
CUST0946,39,115081,6,1331.38,15525.6,0,3,0.5478708106372198,2024-01-16,SearchAds,South,86,0,0.15,0
CUST0947,38,56877,2,761.93,14726.57,0,4,0.02396138512426982,2022-02-13,SearchAds,East,10,1,0.18,1
CUST0948,23,131562,4,1242.41,8154.83,0,1,0.7642204838423086,2022-08-30,Referral,East,118,2,0.25,0
CUST0949,18,166385,4,1407.26,15169.73,0,5,0.5809138982462784,2021-01-31,SearchAds,South,72,0,0.01,0
CUST0950,22,92715,4,717.83,16178.5,0,1,0.6255895834697527,2021-11-13,Referral,North,21,1,0.11,5
CUST0951,58,161398,8,260.53,26572.34,0,4,0.05172088255465346,2022-11-16,Email,West,37,0,0.24,2
CUST0952,29,130091,5,185.81,33521.52,1,5,0.2110383302086154,2021-12-11,Email,East,7,3,0.24,5
CUST0953,43,152632,8,1198.43,19673.93,0,3,0.07433087235358016,2023-10-27,Referral,West,90,1,0.25,0
CUST0954,63,99148,5,1065.28,36254.04,1,3,0.28891431580381177,2023-01-25,SearchAds,North,13,1,0.05,1
CUST0955,51,103186,7,1497.29,17472.1,0,4,0.627439007682151,2021-06-12,SearchAds,West,80,1,0.21,3
CUST0956,66,177817,8,1043.98,15223.9,0,5,0.5661859843173752,2021-11-15,Referral,West,30,0,0.04,0
CUST0957,31,182962,3,873.77,27518.21,1,3,0.6121498216133903,2021-09-04,Direct,South,31,1,0.24,2
CUST0958,43,171094,4,826.27,2162.1,0,4,0.5492512713778943,2020-07-04,SearchAds,South,5,2,0.07,3
CUST0959,62,143629,6,101.57,4909.67,0,4,0.27302879567585936,2021-11-26,SocialMedia,North,32,2,0.22,3
CUST0960,44,90316,4,704.34,21480.51,0,1,0.24450749734442523,2020-08-02,SearchAds,South,16,1,0.14,3
CUST0961,26,48380,4,1953.24,47202.72,0,3,0.13705968353658127,2023-06-28,Direct,East,111,0,0.3,3
CUST0962,43,130198,6,1753.43,36354.08,1,5,0.8490708749034921,2020-08-03,Email,North,73,0,0.17,0
CUST0963,64,22356,2,692.29,5318.2,1,3,0.6164793585412445,2020-01-29,Email,South,22,0,0.19,1
CUST0964,39,90326,4,1196.2,42469.58,0,3,0.18651101250405977,2020-04-11,Email,South,64,1,0.11,1
CUST0965,64,112447,2,1702.23,36882.74,0,3,0.17720937982123952,2020-05-02,SearchAds,North,119,1,0.22,0
CUST0966,47,134994,8,910.48,30936.38,0,4,0.8730356015261367,2020-02-23,Email,East,44,1,0.15,2
CUST0967,60,40049,7,85.02,41194.36,0,2,0.7427308637633193,2023-07-30,Direct,North,40,0,0.01,3
CUST0968,65,125361,2,195.3,20801.38,0,2,0.6593990799053714,2023-02-14,Direct,South,109,1,0.18,1
CUST0969,34,36082,5,1045.27,11853.55,0,1,0.4068641075392998,2021-09-07,SearchAds,South,37,1,0.25,2
CUST0970,43,20661,6,1940.41,26089.15,0,3,0.26197556427851754,2021-07-10,SocialMedia,North,78,2,0.07,0
CUST0971,53,188484,7,1401.76,27893.25,0,2,0.9794507631128238,2020-04-23,SearchAds,East,16,3,0.07,3
CUST0972,18,22920,7,188.29,27377.99,0,1,0.7972395750228002,2022-05-04,Email,East,43,1,0.18,2
CUST0973,25,99561,7,419.25,28688.62,0,4,0.3017792231362765,2021-11-06,SearchAds,West,84,2,0.25,1
CUST0974,66,28946,6,1554.08,47486.54,0,3,0.8475647962784947,2022-09-03,Direct,East,63,0,0.07,3
CUST0975,52,196572,5,1690.81,45210.04,1,5,0.7589319486146815,2021-12-01,SearchAds,North,108,0,0.28,1
CUST0976,69,36309,5,1254.5,43910.13,1,4,0.29708054987799837,2023-08-09,SearchAds,East,15,0,0.28,2
CUST0977,32,75230,8,1306.63,40269.42,0,1,0.4265528542416397,2023-05-03,SocialMedia,East,44,0,0.06,2
CUST0978,64,131822,7,105.26,47227.98,0,4,0.18595344539102665,2020-10-18,Direct,West,90,1,0.08,1
CUST0979,39,181099,4,1665.63,5826.24,1,5,0.11105244437810935,2020-09-17,Referral,East,9,1,0.21,3
CUST0980,31,132340,5,1587.14,13991.04,1,4,0.7227620328396968,2023-05-15,Referral,West,65,0,0.29,0
CUST0981,43,79321,8,555.12,25257.74,1,1,0.2675118573538666,2021-07-17,Direct,West,99,2,0.21,2
CUST0982,45,152028,5,1431.92,42480.19,0,5,0.8200593657462536,2020-02-18,Referral,East,44,1,0.13,2
CUST0983,40,94131,2,468.97,25753.12,1,5,0.9956087115144261,2022-10-26,Email,South,20,0,0.05,3
CUST0984,31,198980,3,128.64,37653.7,0,4,0.07661981392964867,2021-01-13,Referral,North,109,0,0.14,1
CUST0985,41,45963,7,442.22,7809.04,0,5,0.47303512508370027,2023-11-18,Email,North,119,0,0.18,2
CUST0986,19,121757,3,398.33,13368.28,1,4,0.8020625593108031,2020-08-11,Direct,East,70,2,0.1,1
CUST0987,62,190515,8,708.61,36857.03,0,3,0.7889508965412335,2022-11-12,Referral,North,106,0,0.15,4
CUST0988,43,119259,1,865.98,9071.97,1,5,0.7599971583309685,2022-10-04,Referral,North,74,1,0.04,2
CUST0989,31,59063,5,1041.65,18216.44,0,4,0.34899493530191095,2021-10-18,Email,West,112,0,0.14,3
CUST0990,68,134225,3,979.67,13978.45,1,3,0.4538532556850523,2020-04-19,Email,South,33,0,0.03,1
CUST0991,24,136400,5,577.82,18143.22,0,5,0.5949683573414702,2021-12-24,SearchAds,North,80,1,0.01,1
CUST0992,20,100818,5,106.88,35707.88,1,3,0.9739405835732572,2021-07-06,SocialMedia,South,100,2,0.26,5
CUST0993,64,24703,2,1229.95,19024.51,0,5,0.3275472709384929,2023-11-23,Referral,North,6,1,0.06,2
CUST0994,40,92099,7,821.7,28207.9,0,1,0.9231438877168577,2023-04-10,SocialMedia,South,83,0,0.17,2
CUST0995,63,176921,2,632.41,5896.66,0,1,0.2693569181804941,2022-10-02,SocialMedia,South,31,0,0.04,1
CUST0996,60,182932,4,1740.54,40445.87,0,4,0.9890744654737046,2021-11-28,Referral,North,66,2,0.08,2
CUST0997,64,51585,5,1506.15,19124.54,0,2,0.6702636868275917,2021-12-26,Email,West,18,0,0.11,2
CUST0998,62,173087,4,1722.64,32778.17,0,1,0.46351148035855094,2020-11-01,SearchAds,South,106,4,0.04,1
CUST0999,35,63585,4,1015.22,36544.09,0,2,0.6133904280636049,2022-08-16,Direct,South,28,1,0.01,3
CUST1000,55,46958,5,305.32,11273.39,0,3,0.2725311690402068,2022-08-11,Referral,North,68,2,0.26,1
